case_id,block_id,role,treatment,competitor_to_target_bytes_ratio,task_count,payload_bytes,target_packet_fct_us,target_task_completion_us,phase_packet_completion_us,phase_task_completion_us,task_fct_p50_us,task_fct_p95_us,task_fct_p99_us,core_l2r_tx_gbps,core_r2l_tx_gbps,dest4_access_tx_gbps,max_voq_plus_egress_bytes,max_ingress_bytes,core_port_queue_bytes,dest4_port_queue_bytes,completed_tasks,evidence,target_fct_delta_vs_a0_us,target_fct_delta_vs_a0_pct
a0-target-only,direction-and-type,control,none,0.000000,1,278528,23.230740,23.113300,23.230740,23.113300,23.230740,23.230740,23.230740,98.680000,1.630000,100.110000,212936,208762,212936,8410,1,ns3-simulated/trace-derived,0.000000,0.000000
a1-ep-same,direction-and-type,treatment,same-direction EP,1.000000,2,557056,45.682800,45.485940,45.937300,45.819860,45.810050,45.924575,45.934755,99.390000,1.640000,50.330000,496706,246266,496706,8348,2,ns3-simulated/trace-derived,22.452060,96.648062
a2-ep-reverse,direction-and-type,treatment,reverse-direction EP,1.000000,2,557056,23.730820,23.613380,23.730820,23.613380,23.730820,23.730820,23.730820,98.160000,98.160000,97.950000,217189,212874,217189,8410,2,ns3-simulated/trace-derived,0.500080,2.152665
a3-ep-kv,direction-and-type,treatment,same-direction KV,1.882353,2,802816,46.978400,45.485940,66.012420,65.894980,56.495410,65.060719,65.822080,99.540000,1.630000,48.930000,684598,467488,684598,8348,2,ns3-simulated/trace-derived,23.747660,102.225155
b1-bg25,background-byte-ratio,treatment,same-direction background,0.250000,2,348160,28.922340,28.804900,28.922340,28.804900,20.576570,28.087763,28.755425,98.920000,1.650000,80.040000,283832,246266,283832,8410,2,ns3-simulated/trace-derived,5.691600,24.500296
b2-bg50,background-byte-ratio,treatment,same-direction background,0.500000,2,417792,34.608980,34.491540,34.608980,34.491540,29.265970,34.074679,34.502120,99.090000,1.650000,66.680000,354790,246266,354790,8410,2,ns3-simulated/trace-derived,11.378240,48.979240
b3-bg75,background-byte-ratio,treatment,same-direction background,0.750000,2,487424,40.290580,40.173140,40.290580,40.173140,37.955370,40.057059,40.243876,99.210000,1.640000,57.160000,425748,246266,425748,8410,2,ns3-simulated/trace-derived,17.059840,73.436490
b4-bg100,background-byte-ratio,treatment,same-direction background,1.000000,2,557056,45.682800,45.485940,45.937300,45.819860,45.810050,45.924575,45.934755,99.390000,1.640000,50.330000,496706,246266,496706,8348,2,ns3-simulated/trace-derived,22.452060,96.648062
c0-balanced,destination-skew,control,balanced 25/25/25/25,,16,1114112,23.440840,22.574020,23.990520,23.869360,23.452860,23.781050,23.786450,386.480000,6.840000,98.930000,21366,4484,21366,8348,16,ns3-simulated/trace-derived,0.210100,0.904405
c1-zipf,destination-skew,treatment,Zipf 48/24/16/12,,16,1114112,44.405080,44.248640,44.585800,44.464640,19.446600,44.450260,44.558692,206.210000,3.630000,99.480000,261488,257438,25230,261488,16,ns3-simulated/trace-derived,21.174340,91.147936
c2-hot,destination-skew,treatment,hot 97/1/1/1,,16,1114112,88.824720,88.493400,88.935440,88.814280,2.130240,88.852400,88.918832,102.730000,1.800000,99.780000,813689,809352,21118,813689,16,ns3-simulated/trace-derived,65.593980,282.358547
