case_id,block_id,task_id,src,dst,bytes,packet_fct_us,task_completion_us,task_throughput_gbps,evidence
a0-target-only,direction-and-type,0,0,4,278528,23.230740,23.113300,96.404400,ns3-simulated/trace-derived
a1-ep-same,direction-and-type,0,0,4,278528,45.682800,45.485940,48.987100,ns3-simulated/trace-derived
a1-ep-same,direction-and-type,1,1,5,278528,45.937300,45.819860,48.630100,ns3-simulated/trace-derived
a2-ep-reverse,direction-and-type,0,0,4,278528,23.730820,23.613380,94.362800,ns3-simulated/trace-derived
a2-ep-reverse,direction-and-type,1,5,1,278528,23.730820,23.613380,94.362800,ns3-simulated/trace-derived
a3-ep-kv,direction-and-type,0,0,4,278528,46.978400,45.485940,48.987100,ns3-simulated/trace-derived
a3-ep-kv,direction-and-type,1,1,5,524288,66.012420,65.894980,63.651300,ns3-simulated/trace-derived
b1-bg25,background-byte-ratio,0,0,4,278528,28.922340,28.804900,77.355700,ns3-simulated/trace-derived
b1-bg25,background-byte-ratio,1,1,5,69632,12.230800,11.760020,47.368600,ns3-simulated/trace-derived
b2-bg50,background-byte-ratio,0,0,4,278528,34.608980,34.491540,64.602000,ns3-simulated/trace-derived
b2-bg50,background-byte-ratio,1,1,5,139264,23.922960,23.113300,48.202200,ns3-simulated/trace-derived
b3-bg75,background-byte-ratio,0,0,4,278528,40.290580,40.173140,55.465500,ns3-simulated/trace-derived
b3-bg75,background-byte-ratio,1,1,5,208896,35.620160,34.466580,48.486600,ns3-simulated/trace-derived
b4-bg100,background-byte-ratio,0,0,4,278528,45.682800,45.485940,48.987100,ns3-simulated/trace-derived
b4-bg100,background-byte-ratio,1,1,5,278528,45.937300,45.819860,48.630100,ns3-simulated/trace-derived
c0-balanced,destination-skew,0,0,4,69632,23.440840,22.574020,24.676900,ns3-simulated/trace-derived
c0-balanced,destination-skew,1,0,5,69632,23.454880,22.917940,24.306500,ns3-simulated/trace-derived
c0-balanced,destination-skew,2,0,6,69632,23.463880,23.261860,23.947200,ns3-simulated/trace-derived
c0-balanced,destination-skew,3,0,7,69632,23.130960,23.565780,23.638300,ns3-simulated/trace-derived
c0-balanced,destination-skew,4,1,4,69632,23.450840,22.907940,24.317200,ns3-simulated/trace-derived
c0-balanced,destination-skew,5,1,5,69632,23.464880,23.251860,23.957500,ns3-simulated/trace-derived
c0-balanced,destination-skew,6,1,6,69632,23.714940,23.595780,23.608300,ns3-simulated/trace-derived
c0-balanced,destination-skew,7,1,7,69632,23.321680,23.869360,23.337700,ns3-simulated/trace-derived
c0-balanced,destination-skew,8,2,4,69632,23.018100,23.575780,23.628300,ns3-simulated/trace-derived
c0-balanced,destination-skew,9,2,5,69632,23.445880,22.584020,24.665900,ns3-simulated/trace-derived
c0-balanced,destination-skew,10,2,6,69632,23.454880,22.927940,24.295900,ns3-simulated/trace-derived
c0-balanced,destination-skew,11,2,7,69632,23.787800,23.231860,23.978100,ns3-simulated/trace-derived
c0-balanced,destination-skew,12,3,4,69632,23.458840,23.241860,23.967800,ns3-simulated/trace-derived
c0-balanced,destination-skew,13,3,5,69632,23.028100,23.585780,23.618300,ns3-simulated/trace-derived
c0-balanced,destination-skew,14,3,6,69632,23.445880,22.594020,24.655000,ns3-simulated/trace-derived
c0-balanced,destination-skew,15,3,7,69632,23.778800,22.897940,24.327800,ns3-simulated/trace-derived
c1-zipf,destination-skew,0,0,4,133694,44.405080,44.248640,24.171400,ns3-simulated/trace-derived
c1-zipf,destination-skew,1,0,5,66847,23.339400,22.543120,23.722400,ns3-simulated/trace-derived
c1-zipf,destination-skew,2,0,6,44565,16.221640,15.079600,23.642500,ns3-simulated/trace-derived
c1-zipf,destination-skew,3,0,7,33422,12.538800,12.368120,21.618200,ns3-simulated/trace-derived
c1-zipf,destination-skew,4,1,4,133694,44.585800,44.464640,24.054000,ns3-simulated/trace-derived
c1-zipf,destination-skew,5,1,5,66847,23.349400,22.644240,23.616400,ns3-simulated/trace-derived
c1-zipf,destination-skew,6,1,6,44565,16.231640,15.374240,23.189400,ns3-simulated/trace-derived
c1-zipf,destination-skew,7,1,7,33422,13.521280,12.426680,21.516300,ns3-simulated/trace-derived
c1-zipf,destination-skew,8,2,4,133694,43.696240,43.148800,24.787500,ns3-simulated/trace-derived
c1-zipf,destination-skew,9,2,5,66847,23.148400,22.310880,23.969300,ns3-simulated/trace-derived
c1-zipf,destination-skew,10,2,6,44565,15.878720,14.794960,24.097400,ns3-simulated/trace-derived
c1-zipf,destination-skew,11,2,7,33422,12.861720,12.019560,22.245100,ns3-simulated/trace-derived
c1-zipf,destination-skew,12,3,4,133694,44.393080,44.032640,24.290000,ns3-simulated/trace-derived
c1-zipf,destination-skew,13,3,5,66847,22.661560,22.422000,23.850500,ns3-simulated/trace-derived
c1-zipf,destination-skew,14,3,6,44565,15.535800,14.490320,24.604000,ns3-simulated/trace-derived
c1-zipf,destination-skew,15,3,7,33422,13.540740,11.898240,22.471900,ns3-simulated/trace-derived
c2-hot,destination-skew,0,0,4,270173,88.824720,88.493400,24.424200,ns3-simulated/trace-derived
c2-hot,destination-skew,1,0,5,2785,1.995240,1.155860,19.275700,ns3-simulated/trace-derived
c2-hot,destination-skew,2,0,6,2785,2.097720,1.404900,15.858800,ns3-simulated/trace-derived
c2-hot,destination-skew,3,0,7,2785,1.620480,1.685340,13.219900,ns3-simulated/trace-derived
c2-hot,destination-skew,4,1,4,270173,88.935440,88.814280,24.336000,ns3-simulated/trace-derived
c2-hot,destination-skew,5,1,5,2785,2.527360,1.384900,16.087800,ns3-simulated/trace-derived
c2-hot,destination-skew,6,1,6,2785,2.704560,1.655340,13.459500,ns3-simulated/trace-derived
c2-hot,destination-skew,7,1,7,2785,2.236080,1.921640,11.594300,ns3-simulated/trace-derived
c2-hot,destination-skew,8,2,4,270173,88.345640,87.851640,24.602700,ns3-simulated/trace-derived
c2-hot,destination-skew,9,2,5,2785,1.798040,0.759860,29.321200,ns3-simulated/trace-derived
c2-hot,destination-skew,10,2,6,2785,1.975240,1.046160,21.296900,ns3-simulated/trace-derived
c2-hot,destination-skew,11,2,7,2785,1.994240,1.337640,16.656200,ns3-simulated/trace-derived
c2-hot,destination-skew,12,3,4,270173,88.812720,88.172520,24.513100,ns3-simulated/trace-derived
c2-hot,destination-skew,13,3,5,2785,2.162760,1.645340,13.541300,ns3-simulated/trace-derived
c2-hot,destination-skew,14,3,6,2785,1.799280,0.817120,27.266500,ns3-simulated/trace-derived
c2-hot,destination-skew,15,3,7,2785,1.985240,1.098600,20.280400,ns3-simulated/trace-derived
