event_id,resource_id,start_us,end_us,duration_us,op,src,dst,bytes,evidence
ns3-flow-00,NIC0,0.001,76.56952,76.56852,URMA_WRITE task 0,0,1,524288,ns3_simulated_flow_duration
ns3-flow-01,NIC0,0.002,76.56952,76.56752,URMA_WRITE task 1,0,2,524288,ns3_simulated_flow_duration
ns3-flow-02,NIC0,0.003,77.13038,77.12738,URMA_WRITE task 2,0,3,524288,ns3_simulated_flow_duration
ns3-flow-03,NIC0,0.16896,76.60354,76.43458,URMA_WRITE task 3,0,4,524288,ns3_simulated_flow_duration
ns3-flow-04,NIC0,0.25244,76.56524,76.3128,URMA_WRITE task 4,0,5,524288,ns3_simulated_flow_duration
ns3-flow-05,NIC0,0.33592,76.57532,76.2394,URMA_WRITE task 5,0,6,524288,ns3_simulated_flow_duration
ns3-flow-06,NIC0,0.6748,76.78,76.1052,URMA_WRITE task 6,0,7,524288,ns3_simulated_flow_duration
ns3-flow-07,NIC1,0.001,76.5279,76.5269,URMA_WRITE task 7,1,0,524288,ns3_simulated_flow_duration
ns3-flow-08,NIC1,0.002,76.5225,76.5205,URMA_WRITE task 8,1,2,524288,ns3_simulated_flow_duration
ns3-flow-09,NIC1,0.003,77.12914,77.12614,URMA_WRITE task 9,1,3,524288,ns3_simulated_flow_duration
ns3-flow-10,NIC1,0.16896,76.62192,76.45296,URMA_WRITE task 10,1,4,524288,ns3_simulated_flow_duration
ns3-flow-11,NIC1,0.25244,76.49072,76.23828,URMA_WRITE task 11,1,5,524288,ns3_simulated_flow_duration
ns3-flow-12,NIC1,0.33592,76.6077,76.27178,URMA_WRITE task 12,1,6,524288,ns3_simulated_flow_duration
ns3-flow-13,NIC1,0.6748,76.7756,76.1008,URMA_WRITE task 13,1,7,524288,ns3_simulated_flow_duration
ns3-flow-14,NIC2,0.6748,76.58228,75.90748,URMA_WRITE task 14,2,0,524288,ns3_simulated_flow_duration
ns3-flow-15,NIC2,0.001,76.57076,76.56976,URMA_WRITE task 15,2,1,524288,ns3_simulated_flow_duration
ns3-flow-16,NIC2,0.002,77.10828,77.10628,URMA_WRITE task 16,2,3,524288,ns3_simulated_flow_duration
ns3-flow-17,NIC2,0.003,76.62316,76.62016,URMA_WRITE task 17,2,4,524288,ns3_simulated_flow_duration
ns3-flow-18,NIC2,0.16896,76.57408,76.40512,URMA_WRITE task 18,2,5,524288,ns3_simulated_flow_duration
ns3-flow-19,NIC2,0.25244,76.57408,76.32164,URMA_WRITE task 19,2,6,524288,ns3_simulated_flow_duration
ns3-flow-20,NIC2,0.33592,76.85162,76.5157,URMA_WRITE task 20,2,7,524288,ns3_simulated_flow_duration
ns3-flow-21,NIC3,0.33592,77.17536,76.83944,URMA_WRITE task 21,3,0,524288,ns3_simulated_flow_duration
ns3-flow-22,NIC3,0.4194,77.17336,76.75396,URMA_WRITE task 22,3,1,524288,ns3_simulated_flow_duration
ns3-flow-23,NIC3,0.001,77.15324,77.15224,URMA_WRITE task 23,3,2,524288,ns3_simulated_flow_duration
ns3-flow-24,NIC3,0.002,77.16434,77.16234,URMA_WRITE task 24,3,4,524288,ns3_simulated_flow_duration
ns3-flow-25,NIC3,0.003,77.14524,77.14224,URMA_WRITE task 25,3,5,524288,ns3_simulated_flow_duration
ns3-flow-26,NIC3,0.16896,77.14724,76.97828,URMA_WRITE task 26,3,6,524288,ns3_simulated_flow_duration
ns3-flow-27,NIC3,0.25244,77.15904,76.9066,URMA_WRITE task 27,3,7,524288,ns3_simulated_flow_duration
ns3-flow-28,NIC4,0.25244,76.62362,76.37118,URMA_WRITE task 28,4,0,524288,ns3_simulated_flow_duration
ns3-flow-29,NIC4,0.33592,76.66408,76.32816,URMA_WRITE task 29,4,1,524288,ns3_simulated_flow_duration
ns3-flow-30,NIC4,0.6748,76.66608,75.99128,URMA_WRITE task 30,4,2,524288,ns3_simulated_flow_duration
ns3-flow-31,NIC4,0.001,77.12418,77.12318,URMA_WRITE task 31,4,3,524288,ns3_simulated_flow_duration
ns3-flow-32,NIC4,0.002,76.66208,76.66008,URMA_WRITE task 32,4,5,524288,ns3_simulated_flow_duration
ns3-flow-33,NIC4,0.003,76.64006,76.63706,URMA_WRITE task 33,4,6,524288,ns3_simulated_flow_duration
ns3-flow-34,NIC4,0.16896,76.78654,76.61758,URMA_WRITE task 34,4,7,524288,ns3_simulated_flow_duration
ns3-flow-35,NIC5,0.16896,76.52914,76.36018,URMA_WRITE task 35,5,0,524288,ns3_simulated_flow_duration
ns3-flow-36,NIC5,0.25244,76.51954,76.2671,URMA_WRITE task 36,5,1,524288,ns3_simulated_flow_duration
ns3-flow-37,NIC5,0.33592,76.52374,76.18782,URMA_WRITE task 37,5,2,524288,ns3_simulated_flow_duration
ns3-flow-38,NIC5,0.75704,77.1111,76.35406,URMA_WRITE task 38,5,3,524288,ns3_simulated_flow_duration
ns3-flow-39,NIC5,0.001,76.62068,76.61968,URMA_WRITE task 39,5,4,524288,ns3_simulated_flow_duration
ns3-flow-40,NIC5,0.002,76.52548,76.52348,URMA_WRITE task 40,5,6,524288,ns3_simulated_flow_duration
ns3-flow-41,NIC5,0.003,76.78902,76.78602,URMA_WRITE task 41,5,7,524288,ns3_simulated_flow_duration
ns3-flow-42,NIC6,0.003,76.5756,76.5726,URMA_WRITE task 42,6,0,524288,ns3_simulated_flow_duration
ns3-flow-43,NIC6,0.16896,76.57684,76.40788,URMA_WRITE task 43,6,1,524288,ns3_simulated_flow_duration
ns3-flow-44,NIC6,0.25244,76.57076,76.31832,URMA_WRITE task 44,6,2,524288,ns3_simulated_flow_duration
ns3-flow-45,NIC6,0.33592,77.11234,76.77642,URMA_WRITE task 45,6,3,524288,ns3_simulated_flow_duration
ns3-flow-46,NIC6,0.6748,76.60884,75.93404,URMA_WRITE task 46,6,4,524288,ns3_simulated_flow_duration
ns3-flow-47,NIC6,0.001,76.57284,76.57184,URMA_WRITE task 47,6,5,524288,ns3_simulated_flow_duration
ns3-flow-48,NIC6,0.002,76.77312,76.77112,URMA_WRITE task 48,6,7,524288,ns3_simulated_flow_duration
ns3-flow-49,NIC7,0.002,76.81156,76.80956,URMA_WRITE task 49,7,0,524288,ns3_simulated_flow_duration
ns3-flow-50,NIC7,0.003,76.82196,76.81896,URMA_WRITE task 50,7,1,524288,ns3_simulated_flow_duration
ns3-flow-51,NIC7,0.16896,76.8232,76.65424,URMA_WRITE task 51,7,2,524288,ns3_simulated_flow_duration
ns3-flow-52,NIC7,0.25244,77.1843,76.93186,URMA_WRITE task 52,7,3,524288,ns3_simulated_flow_duration
ns3-flow-53,NIC7,0.33592,76.83166,76.49574,URMA_WRITE task 53,7,4,524288,ns3_simulated_flow_duration
ns3-flow-54,NIC7,1.09468,76.8359,75.74122,URMA_WRITE task 54,7,5,524288,ns3_simulated_flow_duration
ns3-flow-55,NIC7,0.001,76.80956,76.80856,URMA_WRITE task 55,7,6,524288,ns3_simulated_flow_duration
