taskId,sourceNode,destNode,dataSize(Byte),opType,priority,delay,phaseId,dependOnPhases
0,0,4,262144,URMA_WRITE,7,36330ns,0,
1,4,0,262144,URMA_WRITE,7,36330ns,0,
2,0,4,262144,URMA_WRITE,7,0ns,1,0
3,4,0,262144,URMA_WRITE,7,0ns,1,0
4,0,4,278528,URMA_WRITE,7,2549ns,2,1
5,4,0,278528,URMA_WRITE,7,2549ns,2,1
6,0,4,262144,URMA_WRITE,7,456737ns,3,2
7,4,0,262144,URMA_WRITE,7,456737ns,3,2
8,0,4,262144,URMA_WRITE,7,36330ns,4,3
9,4,0,262144,URMA_WRITE,7,36330ns,4,3
10,0,4,262144,URMA_WRITE,7,0ns,5,4
11,4,0,262144,URMA_WRITE,7,0ns,5,4
12,0,4,278528,URMA_WRITE,7,2549ns,6,5
13,4,0,278528,URMA_WRITE,7,2549ns,6,5
14,0,4,262144,URMA_WRITE,7,456737ns,7,6
15,4,0,262144,URMA_WRITE,7,456737ns,7,6
16,0,4,262144,URMA_WRITE,7,36330ns,8,7
17,4,0,262144,URMA_WRITE,7,36330ns,8,7
18,0,4,262144,URMA_WRITE,7,0ns,9,8
19,4,0,262144,URMA_WRITE,7,0ns,9,8
20,0,4,278528,URMA_WRITE,7,2549ns,10,9
21,4,0,278528,URMA_WRITE,7,2549ns,10,9
22,0,4,262144,URMA_WRITE,7,456737ns,11,10
23,4,0,262144,URMA_WRITE,7,456737ns,11,10
24,0,4,262144,URMA_WRITE,7,36330ns,12,11
25,4,0,262144,URMA_WRITE,7,36330ns,12,11
26,0,4,262144,URMA_WRITE,7,0ns,13,12
27,4,0,262144,URMA_WRITE,7,0ns,13,12
28,0,4,278528,URMA_WRITE,7,2549ns,14,13
29,4,0,278528,URMA_WRITE,7,2549ns,14,13
30,0,4,262144,URMA_WRITE,7,456737ns,15,14
31,4,0,262144,URMA_WRITE,7,456737ns,15,14
32,0,4,262144,URMA_WRITE,7,36330ns,16,15
33,4,0,262144,URMA_WRITE,7,36330ns,16,15
34,0,4,262144,URMA_WRITE,7,0ns,17,16
35,4,0,262144,URMA_WRITE,7,0ns,17,16
36,0,4,278528,URMA_WRITE,7,2549ns,18,17
37,4,0,278528,URMA_WRITE,7,2549ns,18,17
38,0,4,262144,URMA_WRITE,7,456737ns,19,18
39,4,0,262144,URMA_WRITE,7,456737ns,19,18
40,0,4,262144,URMA_WRITE,7,36330ns,20,19
41,4,0,262144,URMA_WRITE,7,36330ns,20,19
42,0,4,262144,URMA_WRITE,7,0ns,21,20
43,4,0,262144,URMA_WRITE,7,0ns,21,20
44,0,4,278528,URMA_WRITE,7,2549ns,22,21
45,4,0,278528,URMA_WRITE,7,2549ns,22,21
46,0,4,262144,URMA_WRITE,7,456737ns,23,22
47,4,0,262144,URMA_WRITE,7,456737ns,23,22
48,0,4,262144,URMA_WRITE,7,36330ns,24,23
49,4,0,262144,URMA_WRITE,7,36330ns,24,23
50,0,4,262144,URMA_WRITE,7,0ns,25,24
51,4,0,262144,URMA_WRITE,7,0ns,25,24
52,0,4,278528,URMA_WRITE,7,2549ns,26,25
53,4,0,278528,URMA_WRITE,7,2549ns,26,25
54,0,4,262144,URMA_WRITE,7,456737ns,27,26
55,4,0,262144,URMA_WRITE,7,456737ns,27,26
56,0,4,262144,URMA_WRITE,7,36330ns,28,27
57,4,0,262144,URMA_WRITE,7,36330ns,28,27
58,0,4,262144,URMA_WRITE,7,0ns,29,28
59,4,0,262144,URMA_WRITE,7,0ns,29,28
60,0,4,278528,URMA_WRITE,7,2549ns,30,29
61,4,0,278528,URMA_WRITE,7,2549ns,30,29
62,0,4,262144,URMA_WRITE,7,456737ns,31,30
63,4,0,262144,URMA_WRITE,7,456737ns,31,30
64,0,4,262144,URMA_WRITE,7,36330ns,32,31
65,4,0,262144,URMA_WRITE,7,36330ns,32,31
66,0,4,262144,URMA_WRITE,7,0ns,33,32
67,4,0,262144,URMA_WRITE,7,0ns,33,32
68,0,4,278528,URMA_WRITE,7,2549ns,34,33
69,4,0,278528,URMA_WRITE,7,2549ns,34,33
70,0,4,262144,URMA_WRITE,7,456737ns,35,34
71,4,0,262144,URMA_WRITE,7,456737ns,35,34
72,0,4,262144,URMA_WRITE,7,36330ns,36,35
73,4,0,262144,URMA_WRITE,7,36330ns,36,35
74,0,4,262144,URMA_WRITE,7,0ns,37,36
75,4,0,262144,URMA_WRITE,7,0ns,37,36
76,0,4,278528,URMA_WRITE,7,2549ns,38,37
77,4,0,278528,URMA_WRITE,7,2549ns,38,37
78,0,4,262144,URMA_WRITE,7,456737ns,39,38
79,4,0,262144,URMA_WRITE,7,456737ns,39,38
80,1,5,262144,URMA_WRITE,7,76330ns,100,
81,5,1,262144,URMA_WRITE,7,76330ns,100,
82,1,5,262144,URMA_WRITE,7,0ns,101,100
83,5,1,262144,URMA_WRITE,7,0ns,101,100
84,1,5,278528,URMA_WRITE,7,2549ns,102,101
85,5,1,278528,URMA_WRITE,7,2549ns,102,101
86,1,5,262144,URMA_WRITE,7,456737ns,103,102
87,5,1,262144,URMA_WRITE,7,456737ns,103,102
88,1,5,262144,URMA_WRITE,7,36330ns,104,103
89,5,1,262144,URMA_WRITE,7,36330ns,104,103
90,1,5,262144,URMA_WRITE,7,0ns,105,104
91,5,1,262144,URMA_WRITE,7,0ns,105,104
92,1,5,278528,URMA_WRITE,7,2549ns,106,105
93,5,1,278528,URMA_WRITE,7,2549ns,106,105
94,1,5,262144,URMA_WRITE,7,456737ns,107,106
95,5,1,262144,URMA_WRITE,7,456737ns,107,106
96,1,5,262144,URMA_WRITE,7,36330ns,108,107
97,5,1,262144,URMA_WRITE,7,36330ns,108,107
98,1,5,262144,URMA_WRITE,7,0ns,109,108
99,5,1,262144,URMA_WRITE,7,0ns,109,108
100,1,5,278528,URMA_WRITE,7,2549ns,110,109
101,5,1,278528,URMA_WRITE,7,2549ns,110,109
102,1,5,262144,URMA_WRITE,7,456737ns,111,110
103,5,1,262144,URMA_WRITE,7,456737ns,111,110
104,1,5,262144,URMA_WRITE,7,36330ns,112,111
105,5,1,262144,URMA_WRITE,7,36330ns,112,111
106,1,5,262144,URMA_WRITE,7,0ns,113,112
107,5,1,262144,URMA_WRITE,7,0ns,113,112
108,1,5,278528,URMA_WRITE,7,2549ns,114,113
109,5,1,278528,URMA_WRITE,7,2549ns,114,113
110,1,5,262144,URMA_WRITE,7,456737ns,115,114
111,5,1,262144,URMA_WRITE,7,456737ns,115,114
112,1,5,262144,URMA_WRITE,7,36330ns,116,115
113,5,1,262144,URMA_WRITE,7,36330ns,116,115
114,1,5,262144,URMA_WRITE,7,0ns,117,116
115,5,1,262144,URMA_WRITE,7,0ns,117,116
116,1,5,278528,URMA_WRITE,7,2549ns,118,117
117,5,1,278528,URMA_WRITE,7,2549ns,118,117
118,1,5,262144,URMA_WRITE,7,456737ns,119,118
119,5,1,262144,URMA_WRITE,7,456737ns,119,118
120,1,5,262144,URMA_WRITE,7,36330ns,120,119
121,5,1,262144,URMA_WRITE,7,36330ns,120,119
122,1,5,262144,URMA_WRITE,7,0ns,121,120
123,5,1,262144,URMA_WRITE,7,0ns,121,120
124,1,5,278528,URMA_WRITE,7,2549ns,122,121
125,5,1,278528,URMA_WRITE,7,2549ns,122,121
126,1,5,262144,URMA_WRITE,7,456737ns,123,122
127,5,1,262144,URMA_WRITE,7,456737ns,123,122
128,1,5,262144,URMA_WRITE,7,36330ns,124,123
129,5,1,262144,URMA_WRITE,7,36330ns,124,123
130,1,5,262144,URMA_WRITE,7,0ns,125,124
131,5,1,262144,URMA_WRITE,7,0ns,125,124
132,1,5,278528,URMA_WRITE,7,2549ns,126,125
133,5,1,278528,URMA_WRITE,7,2549ns,126,125
134,1,5,262144,URMA_WRITE,7,456737ns,127,126
135,5,1,262144,URMA_WRITE,7,456737ns,127,126
136,1,5,262144,URMA_WRITE,7,36330ns,128,127
137,5,1,262144,URMA_WRITE,7,36330ns,128,127
138,1,5,262144,URMA_WRITE,7,0ns,129,128
139,5,1,262144,URMA_WRITE,7,0ns,129,128
140,1,5,278528,URMA_WRITE,7,2549ns,130,129
141,5,1,278528,URMA_WRITE,7,2549ns,130,129
142,1,5,262144,URMA_WRITE,7,456737ns,131,130
143,5,1,262144,URMA_WRITE,7,456737ns,131,130
144,1,5,262144,URMA_WRITE,7,36330ns,132,131
145,5,1,262144,URMA_WRITE,7,36330ns,132,131
146,1,5,262144,URMA_WRITE,7,0ns,133,132
147,5,1,262144,URMA_WRITE,7,0ns,133,132
148,1,5,278528,URMA_WRITE,7,2549ns,134,133
149,5,1,278528,URMA_WRITE,7,2549ns,134,133
150,1,5,262144,URMA_WRITE,7,456737ns,135,134
151,5,1,262144,URMA_WRITE,7,456737ns,135,134
152,1,5,262144,URMA_WRITE,7,36330ns,136,135
153,5,1,262144,URMA_WRITE,7,36330ns,136,135
154,1,5,262144,URMA_WRITE,7,0ns,137,136
155,5,1,262144,URMA_WRITE,7,0ns,137,136
156,1,5,278528,URMA_WRITE,7,2549ns,138,137
157,5,1,278528,URMA_WRITE,7,2549ns,138,137
158,1,5,262144,URMA_WRITE,7,456737ns,139,138
159,5,1,262144,URMA_WRITE,7,456737ns,139,138
160,2,6,262144,URMA_WRITE,7,116330ns,200,
161,6,2,262144,URMA_WRITE,7,116330ns,200,
162,2,6,262144,URMA_WRITE,7,0ns,201,200
163,6,2,262144,URMA_WRITE,7,0ns,201,200
164,2,6,278528,URMA_WRITE,7,2549ns,202,201
165,6,2,278528,URMA_WRITE,7,2549ns,202,201
166,2,6,262144,URMA_WRITE,7,456737ns,203,202
167,6,2,262144,URMA_WRITE,7,456737ns,203,202
168,2,6,262144,URMA_WRITE,7,36330ns,204,203
169,6,2,262144,URMA_WRITE,7,36330ns,204,203
170,2,6,262144,URMA_WRITE,7,0ns,205,204
171,6,2,262144,URMA_WRITE,7,0ns,205,204
172,2,6,278528,URMA_WRITE,7,2549ns,206,205
173,6,2,278528,URMA_WRITE,7,2549ns,206,205
174,2,6,262144,URMA_WRITE,7,456737ns,207,206
175,6,2,262144,URMA_WRITE,7,456737ns,207,206
176,2,6,262144,URMA_WRITE,7,36330ns,208,207
177,6,2,262144,URMA_WRITE,7,36330ns,208,207
178,2,6,262144,URMA_WRITE,7,0ns,209,208
179,6,2,262144,URMA_WRITE,7,0ns,209,208
180,2,6,278528,URMA_WRITE,7,2549ns,210,209
181,6,2,278528,URMA_WRITE,7,2549ns,210,209
182,2,6,262144,URMA_WRITE,7,456737ns,211,210
183,6,2,262144,URMA_WRITE,7,456737ns,211,210
184,2,6,262144,URMA_WRITE,7,36330ns,212,211
185,6,2,262144,URMA_WRITE,7,36330ns,212,211
186,2,6,262144,URMA_WRITE,7,0ns,213,212
187,6,2,262144,URMA_WRITE,7,0ns,213,212
188,2,6,278528,URMA_WRITE,7,2549ns,214,213
189,6,2,278528,URMA_WRITE,7,2549ns,214,213
190,2,6,262144,URMA_WRITE,7,456737ns,215,214
191,6,2,262144,URMA_WRITE,7,456737ns,215,214
192,2,6,262144,URMA_WRITE,7,36330ns,216,215
193,6,2,262144,URMA_WRITE,7,36330ns,216,215
194,2,6,262144,URMA_WRITE,7,0ns,217,216
195,6,2,262144,URMA_WRITE,7,0ns,217,216
196,2,6,278528,URMA_WRITE,7,2549ns,218,217
197,6,2,278528,URMA_WRITE,7,2549ns,218,217
198,2,6,262144,URMA_WRITE,7,456737ns,219,218
199,6,2,262144,URMA_WRITE,7,456737ns,219,218
200,2,6,262144,URMA_WRITE,7,36330ns,220,219
201,6,2,262144,URMA_WRITE,7,36330ns,220,219
202,2,6,262144,URMA_WRITE,7,0ns,221,220
203,6,2,262144,URMA_WRITE,7,0ns,221,220
204,2,6,278528,URMA_WRITE,7,2549ns,222,221
205,6,2,278528,URMA_WRITE,7,2549ns,222,221
206,2,6,262144,URMA_WRITE,7,456737ns,223,222
207,6,2,262144,URMA_WRITE,7,456737ns,223,222
208,2,6,262144,URMA_WRITE,7,36330ns,224,223
209,6,2,262144,URMA_WRITE,7,36330ns,224,223
210,2,6,262144,URMA_WRITE,7,0ns,225,224
211,6,2,262144,URMA_WRITE,7,0ns,225,224
212,2,6,278528,URMA_WRITE,7,2549ns,226,225
213,6,2,278528,URMA_WRITE,7,2549ns,226,225
214,2,6,262144,URMA_WRITE,7,456737ns,227,226
215,6,2,262144,URMA_WRITE,7,456737ns,227,226
216,2,6,262144,URMA_WRITE,7,36330ns,228,227
217,6,2,262144,URMA_WRITE,7,36330ns,228,227
218,2,6,262144,URMA_WRITE,7,0ns,229,228
219,6,2,262144,URMA_WRITE,7,0ns,229,228
220,2,6,278528,URMA_WRITE,7,2549ns,230,229
221,6,2,278528,URMA_WRITE,7,2549ns,230,229
222,2,6,262144,URMA_WRITE,7,456737ns,231,230
223,6,2,262144,URMA_WRITE,7,456737ns,231,230
224,2,6,262144,URMA_WRITE,7,36330ns,232,231
225,6,2,262144,URMA_WRITE,7,36330ns,232,231
226,2,6,262144,URMA_WRITE,7,0ns,233,232
227,6,2,262144,URMA_WRITE,7,0ns,233,232
228,2,6,278528,URMA_WRITE,7,2549ns,234,233
229,6,2,278528,URMA_WRITE,7,2549ns,234,233
230,2,6,262144,URMA_WRITE,7,456737ns,235,234
231,6,2,262144,URMA_WRITE,7,456737ns,235,234
232,2,6,262144,URMA_WRITE,7,36330ns,236,235
233,6,2,262144,URMA_WRITE,7,36330ns,236,235
234,2,6,262144,URMA_WRITE,7,0ns,237,236
235,6,2,262144,URMA_WRITE,7,0ns,237,236
236,2,6,278528,URMA_WRITE,7,2549ns,238,237
237,6,2,278528,URMA_WRITE,7,2549ns,238,237
238,2,6,262144,URMA_WRITE,7,456737ns,239,238
239,6,2,262144,URMA_WRITE,7,456737ns,239,238
240,3,7,524288,URMA_WRITE,7,100000ns,1000,
241,3,7,524288,URMA_WRITE,7,140000ns,1001,
242,3,7,524288,URMA_WRITE,7,180000ns,1002,
243,3,7,524288,URMA_WRITE,7,500000ns,1003,
244,3,7,524288,URMA_WRITE,7,520000ns,1004,
245,3,7,524288,URMA_WRITE,7,900000ns,1005,
246,3,7,524288,URMA_WRITE,7,940000ns,1006,
247,3,7,524288,URMA_WRITE,7,980000ns,1007,
248,3,7,524288,URMA_WRITE,7,1300000ns,1008,
249,3,7,524288,URMA_WRITE,7,1320000ns,1009,
250,3,7,524288,URMA_WRITE,7,1700000ns,1010,
251,3,7,524288,URMA_WRITE,7,1740000ns,1011,
252,3,7,524288,URMA_WRITE,7,1780000ns,1012,
253,3,7,524288,URMA_WRITE,7,2100000ns,1013,
254,3,7,524288,URMA_WRITE,7,2120000ns,1014,
255,3,7,524288,URMA_WRITE,7,2500000ns,1015,
256,3,7,524288,URMA_WRITE,7,2540000ns,1016,
257,3,7,524288,URMA_WRITE,7,2580000ns,1017,
258,3,7,524288,URMA_WRITE,7,2900000ns,1018,
259,3,7,524288,URMA_WRITE,7,2920000ns,1019,
260,3,7,524288,URMA_WRITE,7,3300000ns,1020,
261,3,7,524288,URMA_WRITE,7,3340000ns,1021,
262,3,7,524288,URMA_WRITE,7,3380000ns,1022,
263,3,7,524288,URMA_WRITE,7,3700000ns,1023,
264,3,7,524288,URMA_WRITE,7,3720000ns,1024,
265,3,7,524288,URMA_WRITE,7,4100000ns,1025,
266,3,7,524288,URMA_WRITE,7,4140000ns,1026,
267,3,7,524288,URMA_WRITE,7,4180000ns,1027,
268,3,7,524288,URMA_WRITE,7,4500000ns,1028,
269,3,7,524288,URMA_WRITE,7,4520000ns,1029,
270,3,7,524288,URMA_WRITE,7,4900000ns,1030,
271,3,7,524288,URMA_WRITE,7,4940000ns,1031,
272,3,7,524288,URMA_WRITE,7,4980000ns,1032,
273,3,7,524288,URMA_WRITE,7,5300000ns,1033,
274,3,7,524288,URMA_WRITE,7,5320000ns,1034,
275,3,7,524288,URMA_WRITE,7,5700000ns,1035,
276,3,7,524288,URMA_WRITE,7,5740000ns,1036,
277,3,7,524288,URMA_WRITE,7,5780000ns,1037,
278,3,7,524288,URMA_WRITE,7,6100000ns,1038,
279,3,7,524288,URMA_WRITE,7,6120000ns,1039,
280,3,7,524288,URMA_WRITE,7,6500000ns,1040,
281,3,7,524288,URMA_WRITE,7,6540000ns,1041,
282,3,7,524288,URMA_WRITE,7,6580000ns,1042,
283,3,7,524288,URMA_WRITE,7,6900000ns,1043,
284,3,7,524288,URMA_WRITE,7,6920000ns,1044,
285,3,7,524288,URMA_WRITE,7,7300000ns,1045,
286,3,7,524288,URMA_WRITE,7,7340000ns,1046,
287,3,7,524288,URMA_WRITE,7,7380000ns,1047,
288,3,7,524288,URMA_WRITE,7,7700000ns,1048,
289,3,7,524288,URMA_WRITE,7,7720000ns,1049,
