task_id,group,repetition,source_block,collective,algorithm_stage,phase_id,depends_on_phase,src,dst,payload_bytes,delay_ns,source_task_id,evidence
0,G0,0,24,AllReduce,reduce_scatter,0,,0,4,262144,36330,0,profile-derived-compute/trace-bytes/ring-projection/synthetic-replica-replay
1,G0,0,24,AllReduce,reduce_scatter,0,,4,0,262144,36330,1,profile-derived-compute/trace-bytes/ring-projection/synthetic-replica-replay
2,G0,0,24,AllReduce,allgather,1,0,0,4,262144,0,2,profile-derived-compute/trace-bytes/ring-projection/synthetic-replica-replay
3,G0,0,24,AllReduce,allgather,1,0,4,0,262144,0,3,profile-derived-compute/trace-bytes/ring-projection/synthetic-replica-replay
4,G0,0,24,AllGather,ring_exchange,2,1,0,4,278528,2549,4,profile-derived-compute/trace-bytes/ring-projection/synthetic-replica-replay
5,G0,0,24,AllGather,ring_exchange,2,1,4,0,278528,2549,5,profile-derived-compute/trace-bytes/ring-projection/synthetic-replica-replay
6,G0,0,24,ReduceScatter,ring_exchange,3,2,0,4,262144,456737,6,profile-derived-compute/trace-bytes/ring-projection/synthetic-replica-replay
7,G0,0,24,ReduceScatter,ring_exchange,3,2,4,0,262144,456737,7,profile-derived-compute/trace-bytes/ring-projection/synthetic-replica-replay
8,G0,1,24,AllReduce,reduce_scatter,4,3,0,4,262144,36330,0,profile-derived-compute/trace-bytes/ring-projection/synthetic-replica-replay
9,G0,1,24,AllReduce,reduce_scatter,4,3,4,0,262144,36330,1,profile-derived-compute/trace-bytes/ring-projection/synthetic-replica-replay
10,G0,1,24,AllReduce,allgather,5,4,0,4,262144,0,2,profile-derived-compute/trace-bytes/ring-projection/synthetic-replica-replay
11,G0,1,24,AllReduce,allgather,5,4,4,0,262144,0,3,profile-derived-compute/trace-bytes/ring-projection/synthetic-replica-replay
12,G0,1,24,AllGather,ring_exchange,6,5,0,4,278528,2549,4,profile-derived-compute/trace-bytes/ring-projection/synthetic-replica-replay
13,G0,1,24,AllGather,ring_exchange,6,5,4,0,278528,2549,5,profile-derived-compute/trace-bytes/ring-projection/synthetic-replica-replay
14,G0,1,24,ReduceScatter,ring_exchange,7,6,0,4,262144,456737,6,profile-derived-compute/trace-bytes/ring-projection/synthetic-replica-replay
15,G0,1,24,ReduceScatter,ring_exchange,7,6,4,0,262144,456737,7,profile-derived-compute/trace-bytes/ring-projection/synthetic-replica-replay
16,G0,2,24,AllReduce,reduce_scatter,8,7,0,4,262144,36330,0,profile-derived-compute/trace-bytes/ring-projection/synthetic-replica-replay
17,G0,2,24,AllReduce,reduce_scatter,8,7,4,0,262144,36330,1,profile-derived-compute/trace-bytes/ring-projection/synthetic-replica-replay
18,G0,2,24,AllReduce,allgather,9,8,0,4,262144,0,2,profile-derived-compute/trace-bytes/ring-projection/synthetic-replica-replay
19,G0,2,24,AllReduce,allgather,9,8,4,0,262144,0,3,profile-derived-compute/trace-bytes/ring-projection/synthetic-replica-replay
20,G0,2,24,AllGather,ring_exchange,10,9,0,4,278528,2549,4,profile-derived-compute/trace-bytes/ring-projection/synthetic-replica-replay
21,G0,2,24,AllGather,ring_exchange,10,9,4,0,278528,2549,5,profile-derived-compute/trace-bytes/ring-projection/synthetic-replica-replay
22,G0,2,24,ReduceScatter,ring_exchange,11,10,0,4,262144,456737,6,profile-derived-compute/trace-bytes/ring-projection/synthetic-replica-replay
23,G0,2,24,ReduceScatter,ring_exchange,11,10,4,0,262144,456737,7,profile-derived-compute/trace-bytes/ring-projection/synthetic-replica-replay
24,G0,3,24,AllReduce,reduce_scatter,12,11,0,4,262144,36330,0,profile-derived-compute/trace-bytes/ring-projection/synthetic-replica-replay
25,G0,3,24,AllReduce,reduce_scatter,12,11,4,0,262144,36330,1,profile-derived-compute/trace-bytes/ring-projection/synthetic-replica-replay
26,G0,3,24,AllReduce,allgather,13,12,0,4,262144,0,2,profile-derived-compute/trace-bytes/ring-projection/synthetic-replica-replay
27,G0,3,24,AllReduce,allgather,13,12,4,0,262144,0,3,profile-derived-compute/trace-bytes/ring-projection/synthetic-replica-replay
28,G0,3,24,AllGather,ring_exchange,14,13,0,4,278528,2549,4,profile-derived-compute/trace-bytes/ring-projection/synthetic-replica-replay
29,G0,3,24,AllGather,ring_exchange,14,13,4,0,278528,2549,5,profile-derived-compute/trace-bytes/ring-projection/synthetic-replica-replay
30,G0,3,24,ReduceScatter,ring_exchange,15,14,0,4,262144,456737,6,profile-derived-compute/trace-bytes/ring-projection/synthetic-replica-replay
31,G0,3,24,ReduceScatter,ring_exchange,15,14,4,0,262144,456737,7,profile-derived-compute/trace-bytes/ring-projection/synthetic-replica-replay
32,G0,4,24,AllReduce,reduce_scatter,16,15,0,4,262144,36330,0,profile-derived-compute/trace-bytes/ring-projection/synthetic-replica-replay
33,G0,4,24,AllReduce,reduce_scatter,16,15,4,0,262144,36330,1,profile-derived-compute/trace-bytes/ring-projection/synthetic-replica-replay
34,G0,4,24,AllReduce,allgather,17,16,0,4,262144,0,2,profile-derived-compute/trace-bytes/ring-projection/synthetic-replica-replay
35,G0,4,24,AllReduce,allgather,17,16,4,0,262144,0,3,profile-derived-compute/trace-bytes/ring-projection/synthetic-replica-replay
36,G0,4,24,AllGather,ring_exchange,18,17,0,4,278528,2549,4,profile-derived-compute/trace-bytes/ring-projection/synthetic-replica-replay
37,G0,4,24,AllGather,ring_exchange,18,17,4,0,278528,2549,5,profile-derived-compute/trace-bytes/ring-projection/synthetic-replica-replay
38,G0,4,24,ReduceScatter,ring_exchange,19,18,0,4,262144,456737,6,profile-derived-compute/trace-bytes/ring-projection/synthetic-replica-replay
39,G0,4,24,ReduceScatter,ring_exchange,19,18,4,0,262144,456737,7,profile-derived-compute/trace-bytes/ring-projection/synthetic-replica-replay
40,G0,5,24,AllReduce,reduce_scatter,20,19,0,4,262144,36330,0,profile-derived-compute/trace-bytes/ring-projection/synthetic-replica-replay
41,G0,5,24,AllReduce,reduce_scatter,20,19,4,0,262144,36330,1,profile-derived-compute/trace-bytes/ring-projection/synthetic-replica-replay
42,G0,5,24,AllReduce,allgather,21,20,0,4,262144,0,2,profile-derived-compute/trace-bytes/ring-projection/synthetic-replica-replay
43,G0,5,24,AllReduce,allgather,21,20,4,0,262144,0,3,profile-derived-compute/trace-bytes/ring-projection/synthetic-replica-replay
44,G0,5,24,AllGather,ring_exchange,22,21,0,4,278528,2549,4,profile-derived-compute/trace-bytes/ring-projection/synthetic-replica-replay
45,G0,5,24,AllGather,ring_exchange,22,21,4,0,278528,2549,5,profile-derived-compute/trace-bytes/ring-projection/synthetic-replica-replay
46,G0,5,24,ReduceScatter,ring_exchange,23,22,0,4,262144,456737,6,profile-derived-compute/trace-bytes/ring-projection/synthetic-replica-replay
47,G0,5,24,ReduceScatter,ring_exchange,23,22,4,0,262144,456737,7,profile-derived-compute/trace-bytes/ring-projection/synthetic-replica-replay
48,G0,6,24,AllReduce,reduce_scatter,24,23,0,4,262144,36330,0,profile-derived-compute/trace-bytes/ring-projection/synthetic-replica-replay
49,G0,6,24,AllReduce,reduce_scatter,24,23,4,0,262144,36330,1,profile-derived-compute/trace-bytes/ring-projection/synthetic-replica-replay
50,G0,6,24,AllReduce,allgather,25,24,0,4,262144,0,2,profile-derived-compute/trace-bytes/ring-projection/synthetic-replica-replay
51,G0,6,24,AllReduce,allgather,25,24,4,0,262144,0,3,profile-derived-compute/trace-bytes/ring-projection/synthetic-replica-replay
52,G0,6,24,AllGather,ring_exchange,26,25,0,4,278528,2549,4,profile-derived-compute/trace-bytes/ring-projection/synthetic-replica-replay
53,G0,6,24,AllGather,ring_exchange,26,25,4,0,278528,2549,5,profile-derived-compute/trace-bytes/ring-projection/synthetic-replica-replay
54,G0,6,24,ReduceScatter,ring_exchange,27,26,0,4,262144,456737,6,profile-derived-compute/trace-bytes/ring-projection/synthetic-replica-replay
55,G0,6,24,ReduceScatter,ring_exchange,27,26,4,0,262144,456737,7,profile-derived-compute/trace-bytes/ring-projection/synthetic-replica-replay
56,G0,7,24,AllReduce,reduce_scatter,28,27,0,4,262144,36330,0,profile-derived-compute/trace-bytes/ring-projection/synthetic-replica-replay
57,G0,7,24,AllReduce,reduce_scatter,28,27,4,0,262144,36330,1,profile-derived-compute/trace-bytes/ring-projection/synthetic-replica-replay
58,G0,7,24,AllReduce,allgather,29,28,0,4,262144,0,2,profile-derived-compute/trace-bytes/ring-projection/synthetic-replica-replay
59,G0,7,24,AllReduce,allgather,29,28,4,0,262144,0,3,profile-derived-compute/trace-bytes/ring-projection/synthetic-replica-replay
60,G0,7,24,AllGather,ring_exchange,30,29,0,4,278528,2549,4,profile-derived-compute/trace-bytes/ring-projection/synthetic-replica-replay
61,G0,7,24,AllGather,ring_exchange,30,29,4,0,278528,2549,5,profile-derived-compute/trace-bytes/ring-projection/synthetic-replica-replay
62,G0,7,24,ReduceScatter,ring_exchange,31,30,0,4,262144,456737,6,profile-derived-compute/trace-bytes/ring-projection/synthetic-replica-replay
63,G0,7,24,ReduceScatter,ring_exchange,31,30,4,0,262144,456737,7,profile-derived-compute/trace-bytes/ring-projection/synthetic-replica-replay
64,G0,8,24,AllReduce,reduce_scatter,32,31,0,4,262144,36330,0,profile-derived-compute/trace-bytes/ring-projection/synthetic-replica-replay
65,G0,8,24,AllReduce,reduce_scatter,32,31,4,0,262144,36330,1,profile-derived-compute/trace-bytes/ring-projection/synthetic-replica-replay
66,G0,8,24,AllReduce,allgather,33,32,0,4,262144,0,2,profile-derived-compute/trace-bytes/ring-projection/synthetic-replica-replay
67,G0,8,24,AllReduce,allgather,33,32,4,0,262144,0,3,profile-derived-compute/trace-bytes/ring-projection/synthetic-replica-replay
68,G0,8,24,AllGather,ring_exchange,34,33,0,4,278528,2549,4,profile-derived-compute/trace-bytes/ring-projection/synthetic-replica-replay
69,G0,8,24,AllGather,ring_exchange,34,33,4,0,278528,2549,5,profile-derived-compute/trace-bytes/ring-projection/synthetic-replica-replay
70,G0,8,24,ReduceScatter,ring_exchange,35,34,0,4,262144,456737,6,profile-derived-compute/trace-bytes/ring-projection/synthetic-replica-replay
71,G0,8,24,ReduceScatter,ring_exchange,35,34,4,0,262144,456737,7,profile-derived-compute/trace-bytes/ring-projection/synthetic-replica-replay
72,G0,9,24,AllReduce,reduce_scatter,36,35,0,4,262144,36330,0,profile-derived-compute/trace-bytes/ring-projection/synthetic-replica-replay
73,G0,9,24,AllReduce,reduce_scatter,36,35,4,0,262144,36330,1,profile-derived-compute/trace-bytes/ring-projection/synthetic-replica-replay
74,G0,9,24,AllReduce,allgather,37,36,0,4,262144,0,2,profile-derived-compute/trace-bytes/ring-projection/synthetic-replica-replay
75,G0,9,24,AllReduce,allgather,37,36,4,0,262144,0,3,profile-derived-compute/trace-bytes/ring-projection/synthetic-replica-replay
76,G0,9,24,AllGather,ring_exchange,38,37,0,4,278528,2549,4,profile-derived-compute/trace-bytes/ring-projection/synthetic-replica-replay
77,G0,9,24,AllGather,ring_exchange,38,37,4,0,278528,2549,5,profile-derived-compute/trace-bytes/ring-projection/synthetic-replica-replay
78,G0,9,24,ReduceScatter,ring_exchange,39,38,0,4,262144,456737,6,profile-derived-compute/trace-bytes/ring-projection/synthetic-replica-replay
79,G0,9,24,ReduceScatter,ring_exchange,39,38,4,0,262144,456737,7,profile-derived-compute/trace-bytes/ring-projection/synthetic-replica-replay
80,G1,0,24,AllReduce,reduce_scatter,100,,1,5,262144,76330,0,profile-derived-compute/trace-bytes/ring-projection/synthetic-replica-replay
81,G1,0,24,AllReduce,reduce_scatter,100,,5,1,262144,76330,1,profile-derived-compute/trace-bytes/ring-projection/synthetic-replica-replay
82,G1,0,24,AllReduce,allgather,101,100,1,5,262144,0,2,profile-derived-compute/trace-bytes/ring-projection/synthetic-replica-replay
83,G1,0,24,AllReduce,allgather,101,100,5,1,262144,0,3,profile-derived-compute/trace-bytes/ring-projection/synthetic-replica-replay
84,G1,0,24,AllGather,ring_exchange,102,101,1,5,278528,2549,4,profile-derived-compute/trace-bytes/ring-projection/synthetic-replica-replay
85,G1,0,24,AllGather,ring_exchange,102,101,5,1,278528,2549,5,profile-derived-compute/trace-bytes/ring-projection/synthetic-replica-replay
86,G1,0,24,ReduceScatter,ring_exchange,103,102,1,5,262144,456737,6,profile-derived-compute/trace-bytes/ring-projection/synthetic-replica-replay
87,G1,0,24,ReduceScatter,ring_exchange,103,102,5,1,262144,456737,7,profile-derived-compute/trace-bytes/ring-projection/synthetic-replica-replay
88,G1,1,24,AllReduce,reduce_scatter,104,103,1,5,262144,36330,0,profile-derived-compute/trace-bytes/ring-projection/synthetic-replica-replay
89,G1,1,24,AllReduce,reduce_scatter,104,103,5,1,262144,36330,1,profile-derived-compute/trace-bytes/ring-projection/synthetic-replica-replay
90,G1,1,24,AllReduce,allgather,105,104,1,5,262144,0,2,profile-derived-compute/trace-bytes/ring-projection/synthetic-replica-replay
91,G1,1,24,AllReduce,allgather,105,104,5,1,262144,0,3,profile-derived-compute/trace-bytes/ring-projection/synthetic-replica-replay
92,G1,1,24,AllGather,ring_exchange,106,105,1,5,278528,2549,4,profile-derived-compute/trace-bytes/ring-projection/synthetic-replica-replay
93,G1,1,24,AllGather,ring_exchange,106,105,5,1,278528,2549,5,profile-derived-compute/trace-bytes/ring-projection/synthetic-replica-replay
94,G1,1,24,ReduceScatter,ring_exchange,107,106,1,5,262144,456737,6,profile-derived-compute/trace-bytes/ring-projection/synthetic-replica-replay
95,G1,1,24,ReduceScatter,ring_exchange,107,106,5,1,262144,456737,7,profile-derived-compute/trace-bytes/ring-projection/synthetic-replica-replay
96,G1,2,24,AllReduce,reduce_scatter,108,107,1,5,262144,36330,0,profile-derived-compute/trace-bytes/ring-projection/synthetic-replica-replay
97,G1,2,24,AllReduce,reduce_scatter,108,107,5,1,262144,36330,1,profile-derived-compute/trace-bytes/ring-projection/synthetic-replica-replay
98,G1,2,24,AllReduce,allgather,109,108,1,5,262144,0,2,profile-derived-compute/trace-bytes/ring-projection/synthetic-replica-replay
99,G1,2,24,AllReduce,allgather,109,108,5,1,262144,0,3,profile-derived-compute/trace-bytes/ring-projection/synthetic-replica-replay
100,G1,2,24,AllGather,ring_exchange,110,109,1,5,278528,2549,4,profile-derived-compute/trace-bytes/ring-projection/synthetic-replica-replay
101,G1,2,24,AllGather,ring_exchange,110,109,5,1,278528,2549,5,profile-derived-compute/trace-bytes/ring-projection/synthetic-replica-replay
102,G1,2,24,ReduceScatter,ring_exchange,111,110,1,5,262144,456737,6,profile-derived-compute/trace-bytes/ring-projection/synthetic-replica-replay
103,G1,2,24,ReduceScatter,ring_exchange,111,110,5,1,262144,456737,7,profile-derived-compute/trace-bytes/ring-projection/synthetic-replica-replay
104,G1,3,24,AllReduce,reduce_scatter,112,111,1,5,262144,36330,0,profile-derived-compute/trace-bytes/ring-projection/synthetic-replica-replay
105,G1,3,24,AllReduce,reduce_scatter,112,111,5,1,262144,36330,1,profile-derived-compute/trace-bytes/ring-projection/synthetic-replica-replay
106,G1,3,24,AllReduce,allgather,113,112,1,5,262144,0,2,profile-derived-compute/trace-bytes/ring-projection/synthetic-replica-replay
107,G1,3,24,AllReduce,allgather,113,112,5,1,262144,0,3,profile-derived-compute/trace-bytes/ring-projection/synthetic-replica-replay
108,G1,3,24,AllGather,ring_exchange,114,113,1,5,278528,2549,4,profile-derived-compute/trace-bytes/ring-projection/synthetic-replica-replay
109,G1,3,24,AllGather,ring_exchange,114,113,5,1,278528,2549,5,profile-derived-compute/trace-bytes/ring-projection/synthetic-replica-replay
110,G1,3,24,ReduceScatter,ring_exchange,115,114,1,5,262144,456737,6,profile-derived-compute/trace-bytes/ring-projection/synthetic-replica-replay
111,G1,3,24,ReduceScatter,ring_exchange,115,114,5,1,262144,456737,7,profile-derived-compute/trace-bytes/ring-projection/synthetic-replica-replay
112,G1,4,24,AllReduce,reduce_scatter,116,115,1,5,262144,36330,0,profile-derived-compute/trace-bytes/ring-projection/synthetic-replica-replay
113,G1,4,24,AllReduce,reduce_scatter,116,115,5,1,262144,36330,1,profile-derived-compute/trace-bytes/ring-projection/synthetic-replica-replay
114,G1,4,24,AllReduce,allgather,117,116,1,5,262144,0,2,profile-derived-compute/trace-bytes/ring-projection/synthetic-replica-replay
115,G1,4,24,AllReduce,allgather,117,116,5,1,262144,0,3,profile-derived-compute/trace-bytes/ring-projection/synthetic-replica-replay
116,G1,4,24,AllGather,ring_exchange,118,117,1,5,278528,2549,4,profile-derived-compute/trace-bytes/ring-projection/synthetic-replica-replay
117,G1,4,24,AllGather,ring_exchange,118,117,5,1,278528,2549,5,profile-derived-compute/trace-bytes/ring-projection/synthetic-replica-replay
118,G1,4,24,ReduceScatter,ring_exchange,119,118,1,5,262144,456737,6,profile-derived-compute/trace-bytes/ring-projection/synthetic-replica-replay
119,G1,4,24,ReduceScatter,ring_exchange,119,118,5,1,262144,456737,7,profile-derived-compute/trace-bytes/ring-projection/synthetic-replica-replay
120,G1,5,24,AllReduce,reduce_scatter,120,119,1,5,262144,36330,0,profile-derived-compute/trace-bytes/ring-projection/synthetic-replica-replay
121,G1,5,24,AllReduce,reduce_scatter,120,119,5,1,262144,36330,1,profile-derived-compute/trace-bytes/ring-projection/synthetic-replica-replay
122,G1,5,24,AllReduce,allgather,121,120,1,5,262144,0,2,profile-derived-compute/trace-bytes/ring-projection/synthetic-replica-replay
123,G1,5,24,AllReduce,allgather,121,120,5,1,262144,0,3,profile-derived-compute/trace-bytes/ring-projection/synthetic-replica-replay
124,G1,5,24,AllGather,ring_exchange,122,121,1,5,278528,2549,4,profile-derived-compute/trace-bytes/ring-projection/synthetic-replica-replay
125,G1,5,24,AllGather,ring_exchange,122,121,5,1,278528,2549,5,profile-derived-compute/trace-bytes/ring-projection/synthetic-replica-replay
126,G1,5,24,ReduceScatter,ring_exchange,123,122,1,5,262144,456737,6,profile-derived-compute/trace-bytes/ring-projection/synthetic-replica-replay
127,G1,5,24,ReduceScatter,ring_exchange,123,122,5,1,262144,456737,7,profile-derived-compute/trace-bytes/ring-projection/synthetic-replica-replay
128,G1,6,24,AllReduce,reduce_scatter,124,123,1,5,262144,36330,0,profile-derived-compute/trace-bytes/ring-projection/synthetic-replica-replay
129,G1,6,24,AllReduce,reduce_scatter,124,123,5,1,262144,36330,1,profile-derived-compute/trace-bytes/ring-projection/synthetic-replica-replay
130,G1,6,24,AllReduce,allgather,125,124,1,5,262144,0,2,profile-derived-compute/trace-bytes/ring-projection/synthetic-replica-replay
131,G1,6,24,AllReduce,allgather,125,124,5,1,262144,0,3,profile-derived-compute/trace-bytes/ring-projection/synthetic-replica-replay
132,G1,6,24,AllGather,ring_exchange,126,125,1,5,278528,2549,4,profile-derived-compute/trace-bytes/ring-projection/synthetic-replica-replay
133,G1,6,24,AllGather,ring_exchange,126,125,5,1,278528,2549,5,profile-derived-compute/trace-bytes/ring-projection/synthetic-replica-replay
134,G1,6,24,ReduceScatter,ring_exchange,127,126,1,5,262144,456737,6,profile-derived-compute/trace-bytes/ring-projection/synthetic-replica-replay
135,G1,6,24,ReduceScatter,ring_exchange,127,126,5,1,262144,456737,7,profile-derived-compute/trace-bytes/ring-projection/synthetic-replica-replay
136,G1,7,24,AllReduce,reduce_scatter,128,127,1,5,262144,36330,0,profile-derived-compute/trace-bytes/ring-projection/synthetic-replica-replay
137,G1,7,24,AllReduce,reduce_scatter,128,127,5,1,262144,36330,1,profile-derived-compute/trace-bytes/ring-projection/synthetic-replica-replay
138,G1,7,24,AllReduce,allgather,129,128,1,5,262144,0,2,profile-derived-compute/trace-bytes/ring-projection/synthetic-replica-replay
139,G1,7,24,AllReduce,allgather,129,128,5,1,262144,0,3,profile-derived-compute/trace-bytes/ring-projection/synthetic-replica-replay
140,G1,7,24,AllGather,ring_exchange,130,129,1,5,278528,2549,4,profile-derived-compute/trace-bytes/ring-projection/synthetic-replica-replay
141,G1,7,24,AllGather,ring_exchange,130,129,5,1,278528,2549,5,profile-derived-compute/trace-bytes/ring-projection/synthetic-replica-replay
142,G1,7,24,ReduceScatter,ring_exchange,131,130,1,5,262144,456737,6,profile-derived-compute/trace-bytes/ring-projection/synthetic-replica-replay
143,G1,7,24,ReduceScatter,ring_exchange,131,130,5,1,262144,456737,7,profile-derived-compute/trace-bytes/ring-projection/synthetic-replica-replay
144,G1,8,24,AllReduce,reduce_scatter,132,131,1,5,262144,36330,0,profile-derived-compute/trace-bytes/ring-projection/synthetic-replica-replay
145,G1,8,24,AllReduce,reduce_scatter,132,131,5,1,262144,36330,1,profile-derived-compute/trace-bytes/ring-projection/synthetic-replica-replay
146,G1,8,24,AllReduce,allgather,133,132,1,5,262144,0,2,profile-derived-compute/trace-bytes/ring-projection/synthetic-replica-replay
147,G1,8,24,AllReduce,allgather,133,132,5,1,262144,0,3,profile-derived-compute/trace-bytes/ring-projection/synthetic-replica-replay
148,G1,8,24,AllGather,ring_exchange,134,133,1,5,278528,2549,4,profile-derived-compute/trace-bytes/ring-projection/synthetic-replica-replay
149,G1,8,24,AllGather,ring_exchange,134,133,5,1,278528,2549,5,profile-derived-compute/trace-bytes/ring-projection/synthetic-replica-replay
150,G1,8,24,ReduceScatter,ring_exchange,135,134,1,5,262144,456737,6,profile-derived-compute/trace-bytes/ring-projection/synthetic-replica-replay
151,G1,8,24,ReduceScatter,ring_exchange,135,134,5,1,262144,456737,7,profile-derived-compute/trace-bytes/ring-projection/synthetic-replica-replay
152,G1,9,24,AllReduce,reduce_scatter,136,135,1,5,262144,36330,0,profile-derived-compute/trace-bytes/ring-projection/synthetic-replica-replay
153,G1,9,24,AllReduce,reduce_scatter,136,135,5,1,262144,36330,1,profile-derived-compute/trace-bytes/ring-projection/synthetic-replica-replay
154,G1,9,24,AllReduce,allgather,137,136,1,5,262144,0,2,profile-derived-compute/trace-bytes/ring-projection/synthetic-replica-replay
155,G1,9,24,AllReduce,allgather,137,136,5,1,262144,0,3,profile-derived-compute/trace-bytes/ring-projection/synthetic-replica-replay
156,G1,9,24,AllGather,ring_exchange,138,137,1,5,278528,2549,4,profile-derived-compute/trace-bytes/ring-projection/synthetic-replica-replay
157,G1,9,24,AllGather,ring_exchange,138,137,5,1,278528,2549,5,profile-derived-compute/trace-bytes/ring-projection/synthetic-replica-replay
158,G1,9,24,ReduceScatter,ring_exchange,139,138,1,5,262144,456737,6,profile-derived-compute/trace-bytes/ring-projection/synthetic-replica-replay
159,G1,9,24,ReduceScatter,ring_exchange,139,138,5,1,262144,456737,7,profile-derived-compute/trace-bytes/ring-projection/synthetic-replica-replay
160,G2,0,24,AllReduce,reduce_scatter,200,,2,6,262144,116330,0,profile-derived-compute/trace-bytes/ring-projection/synthetic-replica-replay
161,G2,0,24,AllReduce,reduce_scatter,200,,6,2,262144,116330,1,profile-derived-compute/trace-bytes/ring-projection/synthetic-replica-replay
162,G2,0,24,AllReduce,allgather,201,200,2,6,262144,0,2,profile-derived-compute/trace-bytes/ring-projection/synthetic-replica-replay
163,G2,0,24,AllReduce,allgather,201,200,6,2,262144,0,3,profile-derived-compute/trace-bytes/ring-projection/synthetic-replica-replay
164,G2,0,24,AllGather,ring_exchange,202,201,2,6,278528,2549,4,profile-derived-compute/trace-bytes/ring-projection/synthetic-replica-replay
165,G2,0,24,AllGather,ring_exchange,202,201,6,2,278528,2549,5,profile-derived-compute/trace-bytes/ring-projection/synthetic-replica-replay
166,G2,0,24,ReduceScatter,ring_exchange,203,202,2,6,262144,456737,6,profile-derived-compute/trace-bytes/ring-projection/synthetic-replica-replay
167,G2,0,24,ReduceScatter,ring_exchange,203,202,6,2,262144,456737,7,profile-derived-compute/trace-bytes/ring-projection/synthetic-replica-replay
168,G2,1,24,AllReduce,reduce_scatter,204,203,2,6,262144,36330,0,profile-derived-compute/trace-bytes/ring-projection/synthetic-replica-replay
169,G2,1,24,AllReduce,reduce_scatter,204,203,6,2,262144,36330,1,profile-derived-compute/trace-bytes/ring-projection/synthetic-replica-replay
170,G2,1,24,AllReduce,allgather,205,204,2,6,262144,0,2,profile-derived-compute/trace-bytes/ring-projection/synthetic-replica-replay
171,G2,1,24,AllReduce,allgather,205,204,6,2,262144,0,3,profile-derived-compute/trace-bytes/ring-projection/synthetic-replica-replay
172,G2,1,24,AllGather,ring_exchange,206,205,2,6,278528,2549,4,profile-derived-compute/trace-bytes/ring-projection/synthetic-replica-replay
173,G2,1,24,AllGather,ring_exchange,206,205,6,2,278528,2549,5,profile-derived-compute/trace-bytes/ring-projection/synthetic-replica-replay
174,G2,1,24,ReduceScatter,ring_exchange,207,206,2,6,262144,456737,6,profile-derived-compute/trace-bytes/ring-projection/synthetic-replica-replay
175,G2,1,24,ReduceScatter,ring_exchange,207,206,6,2,262144,456737,7,profile-derived-compute/trace-bytes/ring-projection/synthetic-replica-replay
176,G2,2,24,AllReduce,reduce_scatter,208,207,2,6,262144,36330,0,profile-derived-compute/trace-bytes/ring-projection/synthetic-replica-replay
177,G2,2,24,AllReduce,reduce_scatter,208,207,6,2,262144,36330,1,profile-derived-compute/trace-bytes/ring-projection/synthetic-replica-replay
178,G2,2,24,AllReduce,allgather,209,208,2,6,262144,0,2,profile-derived-compute/trace-bytes/ring-projection/synthetic-replica-replay
179,G2,2,24,AllReduce,allgather,209,208,6,2,262144,0,3,profile-derived-compute/trace-bytes/ring-projection/synthetic-replica-replay
180,G2,2,24,AllGather,ring_exchange,210,209,2,6,278528,2549,4,profile-derived-compute/trace-bytes/ring-projection/synthetic-replica-replay
181,G2,2,24,AllGather,ring_exchange,210,209,6,2,278528,2549,5,profile-derived-compute/trace-bytes/ring-projection/synthetic-replica-replay
182,G2,2,24,ReduceScatter,ring_exchange,211,210,2,6,262144,456737,6,profile-derived-compute/trace-bytes/ring-projection/synthetic-replica-replay
183,G2,2,24,ReduceScatter,ring_exchange,211,210,6,2,262144,456737,7,profile-derived-compute/trace-bytes/ring-projection/synthetic-replica-replay
184,G2,3,24,AllReduce,reduce_scatter,212,211,2,6,262144,36330,0,profile-derived-compute/trace-bytes/ring-projection/synthetic-replica-replay
185,G2,3,24,AllReduce,reduce_scatter,212,211,6,2,262144,36330,1,profile-derived-compute/trace-bytes/ring-projection/synthetic-replica-replay
186,G2,3,24,AllReduce,allgather,213,212,2,6,262144,0,2,profile-derived-compute/trace-bytes/ring-projection/synthetic-replica-replay
187,G2,3,24,AllReduce,allgather,213,212,6,2,262144,0,3,profile-derived-compute/trace-bytes/ring-projection/synthetic-replica-replay
188,G2,3,24,AllGather,ring_exchange,214,213,2,6,278528,2549,4,profile-derived-compute/trace-bytes/ring-projection/synthetic-replica-replay
189,G2,3,24,AllGather,ring_exchange,214,213,6,2,278528,2549,5,profile-derived-compute/trace-bytes/ring-projection/synthetic-replica-replay
190,G2,3,24,ReduceScatter,ring_exchange,215,214,2,6,262144,456737,6,profile-derived-compute/trace-bytes/ring-projection/synthetic-replica-replay
191,G2,3,24,ReduceScatter,ring_exchange,215,214,6,2,262144,456737,7,profile-derived-compute/trace-bytes/ring-projection/synthetic-replica-replay
192,G2,4,24,AllReduce,reduce_scatter,216,215,2,6,262144,36330,0,profile-derived-compute/trace-bytes/ring-projection/synthetic-replica-replay
193,G2,4,24,AllReduce,reduce_scatter,216,215,6,2,262144,36330,1,profile-derived-compute/trace-bytes/ring-projection/synthetic-replica-replay
194,G2,4,24,AllReduce,allgather,217,216,2,6,262144,0,2,profile-derived-compute/trace-bytes/ring-projection/synthetic-replica-replay
195,G2,4,24,AllReduce,allgather,217,216,6,2,262144,0,3,profile-derived-compute/trace-bytes/ring-projection/synthetic-replica-replay
196,G2,4,24,AllGather,ring_exchange,218,217,2,6,278528,2549,4,profile-derived-compute/trace-bytes/ring-projection/synthetic-replica-replay
197,G2,4,24,AllGather,ring_exchange,218,217,6,2,278528,2549,5,profile-derived-compute/trace-bytes/ring-projection/synthetic-replica-replay
198,G2,4,24,ReduceScatter,ring_exchange,219,218,2,6,262144,456737,6,profile-derived-compute/trace-bytes/ring-projection/synthetic-replica-replay
199,G2,4,24,ReduceScatter,ring_exchange,219,218,6,2,262144,456737,7,profile-derived-compute/trace-bytes/ring-projection/synthetic-replica-replay
200,G2,5,24,AllReduce,reduce_scatter,220,219,2,6,262144,36330,0,profile-derived-compute/trace-bytes/ring-projection/synthetic-replica-replay
201,G2,5,24,AllReduce,reduce_scatter,220,219,6,2,262144,36330,1,profile-derived-compute/trace-bytes/ring-projection/synthetic-replica-replay
202,G2,5,24,AllReduce,allgather,221,220,2,6,262144,0,2,profile-derived-compute/trace-bytes/ring-projection/synthetic-replica-replay
203,G2,5,24,AllReduce,allgather,221,220,6,2,262144,0,3,profile-derived-compute/trace-bytes/ring-projection/synthetic-replica-replay
204,G2,5,24,AllGather,ring_exchange,222,221,2,6,278528,2549,4,profile-derived-compute/trace-bytes/ring-projection/synthetic-replica-replay
205,G2,5,24,AllGather,ring_exchange,222,221,6,2,278528,2549,5,profile-derived-compute/trace-bytes/ring-projection/synthetic-replica-replay
206,G2,5,24,ReduceScatter,ring_exchange,223,222,2,6,262144,456737,6,profile-derived-compute/trace-bytes/ring-projection/synthetic-replica-replay
207,G2,5,24,ReduceScatter,ring_exchange,223,222,6,2,262144,456737,7,profile-derived-compute/trace-bytes/ring-projection/synthetic-replica-replay
208,G2,6,24,AllReduce,reduce_scatter,224,223,2,6,262144,36330,0,profile-derived-compute/trace-bytes/ring-projection/synthetic-replica-replay
209,G2,6,24,AllReduce,reduce_scatter,224,223,6,2,262144,36330,1,profile-derived-compute/trace-bytes/ring-projection/synthetic-replica-replay
210,G2,6,24,AllReduce,allgather,225,224,2,6,262144,0,2,profile-derived-compute/trace-bytes/ring-projection/synthetic-replica-replay
211,G2,6,24,AllReduce,allgather,225,224,6,2,262144,0,3,profile-derived-compute/trace-bytes/ring-projection/synthetic-replica-replay
212,G2,6,24,AllGather,ring_exchange,226,225,2,6,278528,2549,4,profile-derived-compute/trace-bytes/ring-projection/synthetic-replica-replay
213,G2,6,24,AllGather,ring_exchange,226,225,6,2,278528,2549,5,profile-derived-compute/trace-bytes/ring-projection/synthetic-replica-replay
214,G2,6,24,ReduceScatter,ring_exchange,227,226,2,6,262144,456737,6,profile-derived-compute/trace-bytes/ring-projection/synthetic-replica-replay
215,G2,6,24,ReduceScatter,ring_exchange,227,226,6,2,262144,456737,7,profile-derived-compute/trace-bytes/ring-projection/synthetic-replica-replay
216,G2,7,24,AllReduce,reduce_scatter,228,227,2,6,262144,36330,0,profile-derived-compute/trace-bytes/ring-projection/synthetic-replica-replay
217,G2,7,24,AllReduce,reduce_scatter,228,227,6,2,262144,36330,1,profile-derived-compute/trace-bytes/ring-projection/synthetic-replica-replay
218,G2,7,24,AllReduce,allgather,229,228,2,6,262144,0,2,profile-derived-compute/trace-bytes/ring-projection/synthetic-replica-replay
219,G2,7,24,AllReduce,allgather,229,228,6,2,262144,0,3,profile-derived-compute/trace-bytes/ring-projection/synthetic-replica-replay
220,G2,7,24,AllGather,ring_exchange,230,229,2,6,278528,2549,4,profile-derived-compute/trace-bytes/ring-projection/synthetic-replica-replay
221,G2,7,24,AllGather,ring_exchange,230,229,6,2,278528,2549,5,profile-derived-compute/trace-bytes/ring-projection/synthetic-replica-replay
222,G2,7,24,ReduceScatter,ring_exchange,231,230,2,6,262144,456737,6,profile-derived-compute/trace-bytes/ring-projection/synthetic-replica-replay
223,G2,7,24,ReduceScatter,ring_exchange,231,230,6,2,262144,456737,7,profile-derived-compute/trace-bytes/ring-projection/synthetic-replica-replay
224,G2,8,24,AllReduce,reduce_scatter,232,231,2,6,262144,36330,0,profile-derived-compute/trace-bytes/ring-projection/synthetic-replica-replay
225,G2,8,24,AllReduce,reduce_scatter,232,231,6,2,262144,36330,1,profile-derived-compute/trace-bytes/ring-projection/synthetic-replica-replay
226,G2,8,24,AllReduce,allgather,233,232,2,6,262144,0,2,profile-derived-compute/trace-bytes/ring-projection/synthetic-replica-replay
227,G2,8,24,AllReduce,allgather,233,232,6,2,262144,0,3,profile-derived-compute/trace-bytes/ring-projection/synthetic-replica-replay
228,G2,8,24,AllGather,ring_exchange,234,233,2,6,278528,2549,4,profile-derived-compute/trace-bytes/ring-projection/synthetic-replica-replay
229,G2,8,24,AllGather,ring_exchange,234,233,6,2,278528,2549,5,profile-derived-compute/trace-bytes/ring-projection/synthetic-replica-replay
230,G2,8,24,ReduceScatter,ring_exchange,235,234,2,6,262144,456737,6,profile-derived-compute/trace-bytes/ring-projection/synthetic-replica-replay
231,G2,8,24,ReduceScatter,ring_exchange,235,234,6,2,262144,456737,7,profile-derived-compute/trace-bytes/ring-projection/synthetic-replica-replay
232,G2,9,24,AllReduce,reduce_scatter,236,235,2,6,262144,36330,0,profile-derived-compute/trace-bytes/ring-projection/synthetic-replica-replay
233,G2,9,24,AllReduce,reduce_scatter,236,235,6,2,262144,36330,1,profile-derived-compute/trace-bytes/ring-projection/synthetic-replica-replay
234,G2,9,24,AllReduce,allgather,237,236,2,6,262144,0,2,profile-derived-compute/trace-bytes/ring-projection/synthetic-replica-replay
235,G2,9,24,AllReduce,allgather,237,236,6,2,262144,0,3,profile-derived-compute/trace-bytes/ring-projection/synthetic-replica-replay
236,G2,9,24,AllGather,ring_exchange,238,237,2,6,278528,2549,4,profile-derived-compute/trace-bytes/ring-projection/synthetic-replica-replay
237,G2,9,24,AllGather,ring_exchange,238,237,6,2,278528,2549,5,profile-derived-compute/trace-bytes/ring-projection/synthetic-replica-replay
238,G2,9,24,ReduceScatter,ring_exchange,239,238,2,6,262144,456737,6,profile-derived-compute/trace-bytes/ring-projection/synthetic-replica-replay
239,G2,9,24,ReduceScatter,ring_exchange,239,238,6,2,262144,456737,7,profile-derived-compute/trace-bytes/ring-projection/synthetic-replica-replay
240,KV,0,,KV-proxy,p2p,1000,,3,7,524288,100000,,synthetic-background-KV-proxy
241,KV,0,,KV-proxy,p2p,1001,,3,7,524288,140000,,synthetic-background-KV-proxy
242,KV,0,,KV-proxy,p2p,1002,,3,7,524288,180000,,synthetic-background-KV-proxy
243,KV,0,,KV-proxy,p2p,1003,,3,7,524288,500000,,synthetic-background-KV-proxy
244,KV,0,,KV-proxy,p2p,1004,,3,7,524288,520000,,synthetic-background-KV-proxy
245,KV,1,,KV-proxy,p2p,1005,,3,7,524288,900000,,synthetic-background-KV-proxy
246,KV,1,,KV-proxy,p2p,1006,,3,7,524288,940000,,synthetic-background-KV-proxy
247,KV,1,,KV-proxy,p2p,1007,,3,7,524288,980000,,synthetic-background-KV-proxy
248,KV,1,,KV-proxy,p2p,1008,,3,7,524288,1300000,,synthetic-background-KV-proxy
249,KV,1,,KV-proxy,p2p,1009,,3,7,524288,1320000,,synthetic-background-KV-proxy
250,KV,2,,KV-proxy,p2p,1010,,3,7,524288,1700000,,synthetic-background-KV-proxy
251,KV,2,,KV-proxy,p2p,1011,,3,7,524288,1740000,,synthetic-background-KV-proxy
252,KV,2,,KV-proxy,p2p,1012,,3,7,524288,1780000,,synthetic-background-KV-proxy
253,KV,2,,KV-proxy,p2p,1013,,3,7,524288,2100000,,synthetic-background-KV-proxy
254,KV,2,,KV-proxy,p2p,1014,,3,7,524288,2120000,,synthetic-background-KV-proxy
255,KV,3,,KV-proxy,p2p,1015,,3,7,524288,2500000,,synthetic-background-KV-proxy
256,KV,3,,KV-proxy,p2p,1016,,3,7,524288,2540000,,synthetic-background-KV-proxy
257,KV,3,,KV-proxy,p2p,1017,,3,7,524288,2580000,,synthetic-background-KV-proxy
258,KV,3,,KV-proxy,p2p,1018,,3,7,524288,2900000,,synthetic-background-KV-proxy
259,KV,3,,KV-proxy,p2p,1019,,3,7,524288,2920000,,synthetic-background-KV-proxy
260,KV,4,,KV-proxy,p2p,1020,,3,7,524288,3300000,,synthetic-background-KV-proxy
261,KV,4,,KV-proxy,p2p,1021,,3,7,524288,3340000,,synthetic-background-KV-proxy
262,KV,4,,KV-proxy,p2p,1022,,3,7,524288,3380000,,synthetic-background-KV-proxy
263,KV,4,,KV-proxy,p2p,1023,,3,7,524288,3700000,,synthetic-background-KV-proxy
264,KV,4,,KV-proxy,p2p,1024,,3,7,524288,3720000,,synthetic-background-KV-proxy
265,KV,5,,KV-proxy,p2p,1025,,3,7,524288,4100000,,synthetic-background-KV-proxy
266,KV,5,,KV-proxy,p2p,1026,,3,7,524288,4140000,,synthetic-background-KV-proxy
267,KV,5,,KV-proxy,p2p,1027,,3,7,524288,4180000,,synthetic-background-KV-proxy
268,KV,5,,KV-proxy,p2p,1028,,3,7,524288,4500000,,synthetic-background-KV-proxy
269,KV,5,,KV-proxy,p2p,1029,,3,7,524288,4520000,,synthetic-background-KV-proxy
270,KV,6,,KV-proxy,p2p,1030,,3,7,524288,4900000,,synthetic-background-KV-proxy
271,KV,6,,KV-proxy,p2p,1031,,3,7,524288,4940000,,synthetic-background-KV-proxy
272,KV,6,,KV-proxy,p2p,1032,,3,7,524288,4980000,,synthetic-background-KV-proxy
273,KV,6,,KV-proxy,p2p,1033,,3,7,524288,5300000,,synthetic-background-KV-proxy
274,KV,6,,KV-proxy,p2p,1034,,3,7,524288,5320000,,synthetic-background-KV-proxy
275,KV,7,,KV-proxy,p2p,1035,,3,7,524288,5700000,,synthetic-background-KV-proxy
276,KV,7,,KV-proxy,p2p,1036,,3,7,524288,5740000,,synthetic-background-KV-proxy
277,KV,7,,KV-proxy,p2p,1037,,3,7,524288,5780000,,synthetic-background-KV-proxy
278,KV,7,,KV-proxy,p2p,1038,,3,7,524288,6100000,,synthetic-background-KV-proxy
279,KV,7,,KV-proxy,p2p,1039,,3,7,524288,6120000,,synthetic-background-KV-proxy
280,KV,8,,KV-proxy,p2p,1040,,3,7,524288,6500000,,synthetic-background-KV-proxy
281,KV,8,,KV-proxy,p2p,1041,,3,7,524288,6540000,,synthetic-background-KV-proxy
282,KV,8,,KV-proxy,p2p,1042,,3,7,524288,6580000,,synthetic-background-KV-proxy
283,KV,8,,KV-proxy,p2p,1043,,3,7,524288,6900000,,synthetic-background-KV-proxy
284,KV,8,,KV-proxy,p2p,1044,,3,7,524288,6920000,,synthetic-background-KV-proxy
285,KV,9,,KV-proxy,p2p,1045,,3,7,524288,7300000,,synthetic-background-KV-proxy
286,KV,9,,KV-proxy,p2p,1046,,3,7,524288,7340000,,synthetic-background-KV-proxy
287,KV,9,,KV-proxy,p2p,1047,,3,7,524288,7380000,,synthetic-background-KV-proxy
288,KV,9,,KV-proxy,p2p,1048,,3,7,524288,7700000,,synthetic-background-KV-proxy
289,KV,9,,KV-proxy,p2p,1049,,3,7,524288,7720000,,synthetic-background-KV-proxy
