path,sha256,bytes
.gitattributes,bb3e16ca786bea48069f80c0c5c9f5e989afc96c07248838f7f92f0b6a96d034,144
analysis/audit.json,82c75bf466c0c1cf34fed81ec8a4d3f3421acbeb53db02a6d788135f99fed403,3496
analysis/comparisons.csv,06c2635ff8ea4c0957c92e81f98dbc91b83ef1a6c59125e14cf930f96ac2f2cc,442
analysis/kv_100/bandwidth_5us.csv,6a473ad649a85d1d78d396cae79fff40cb9563890870724b6bc8a4c6ca6fea35,1396118
analysis/kv_100/events.csv,4aa3707e851af37a93f7aeb7c0d9538b6e998f88bb3aa032283978a51eda9eb0,58830
analysis/kv_100/packets.csv,2f40d9c6de0f30bcf4167e9c7fae6c5ca8c6d4b3336f1aac29d8659b6e185e23,4137760
analysis/kv_100/phases.csv,0f776bfafae8f0b8f91b32acd472b24e9cd4333961a748b0c13e1758e9f39725,17531
analysis/kv_100/queue_1us.csv,2db571712f2ff941e65323411323f6546fe1038f03ea5175be1036cb05206370,499066
analysis/kv_100/queue_events.csv,b6fff1b5bb352eb7f7f0319e34801cdb0a272d62fdaa96ab44027cb5cc51d5f7,4726840
analysis/kv_100/selected_core_packets.csv,b786cda6b6d292ef4f3e5e4c6e7cbeb4c27f7539f3836278f08e928657a4d39d,3322
analysis/kv_100/tasks.csv,c0f8c1518df71456ae15014de61891acd23b729904f26f8bf068d4b5d775320d,61655
analysis/kv_100/zoom_bandwidth_025us.csv,05348cf602c84d30ef87a6cc4478ea5d16f7c06fee9bf06b2ec7d90f047c063c,1217459
analysis/kv_100/zoom_queue_025us.csv,e91475d07f2a1677d92cc4fc384c8e50f1675a37d2e93274d378afdc1c1115f9,91623
analysis/kv_100/zoom_selection.json,a2658a0ed73318342dec4a944daab13442984eed6f386bab308bb9d7d735768b,164
analysis/kv_200/bandwidth_5us.csv,c966cfe9862275908cb034e0c105ee655eb7474dc9217dd1aa340f19d5504918,1385835
analysis/kv_200/events.csv,36929b2892ad976756a571b4e09ca53fc71e6ce89eff5a91187305a1cede6819,58784
analysis/kv_200/packets.csv,2819bfcef43cce4f5c78edeac55586295a4638fdb3e2e1664c7e83ddffe0a71b,4133406
analysis/kv_200/phases.csv,1438a66bf76caf7fbda4e38880857bbeefc1569c116ff854de486d9536e8fbc9,17454
analysis/kv_200/queue_1us.csv,595507af0fff66b454a40cba65ea035102a4cb4d3e441df4bfa0809f74911014,490359
analysis/kv_200/queue_events.csv,7d2adeda1572ca13c92861d285afa8b72f49bb17bcc092125966e967fed087a8,4698851
analysis/kv_200/tasks.csv,51ecd4e36078550406a2d4212208dd7a4fa25bf4e628d92004cc5c6b9b25ddef,61510
analysis/no_kv_100/bandwidth_5us.csv,9a95687788a079b35953d113f57df5debf1296bc5a33fd7e2b48993d7ab5c357,1389737
analysis/no_kv_100/events.csv,549becc6c57e2f247836fc4a9bcbce9452702260e803f8a46a3b3d984260ea7e,52969
analysis/no_kv_100/packets.csv,5c0dcd2faf7cf089437f54f63365dc2ab49e71d0ba8438a33d7dc5e7e84e0498,2971077
analysis/no_kv_100/phases.csv,d78705f7dbbb038d6efb52951c9cf630fa2fde3574430f7ca8ab1aab415d8615,12794
analysis/no_kv_100/queue_1us.csv,17839a96004838b9b24777eb1b134f35ae3ee464d83b3130b1b02db3f152d2ad,493998
analysis/no_kv_100/queue_events.csv,3afc2e684331a29f5eb6d8388f57b568ceff3ae2a287292f0f6767040c90aecf,3330958
analysis/no_kv_100/tasks.csv,5e6afd3b17e04899c7433af3c9f8de909011796e707c259d7ac9abd31f4a1291,49902
analysis/original-artifacts.csv,4cac48074018a873b57f66fdeb592e54aef62117551053a1bd2e5ca52f2eb1af,56548
analysis/summary.csv,01e01c103dcf359367f4d032625c7eef63c58bf23e198846027799d316f6cbf3,1056
experiment/cases/kv_100/canonical.rank0.txt,ce3216fec33fa46258354491267b65075d017224c92e6de57ff34ac36a27d626,15636
experiment/cases/kv_100/execution.json,94bce178a3a5ad8fe674dcf8072fbc05fa750e5bed0c38a4f77d3a4f800b4c08,804
experiment/cases/kv_100/experiment-spec.md,997adc42e85ac2103a83441e7941c8036dca75f0bef0fd8082ea673dcdcc5bb8,1743
experiment/cases/kv_100/flow_manifest.csv,6a6904b2368aa16a06b031bb37900bbb2ab768087ac5d7cd881dec4a1db4495c,37475
experiment/cases/kv_100/generate_topology.py,08c7957473c156582f8b92fb0bb3a48a7c7062f022f30eab15025fd415dc3cbc,1016
experiment/cases/kv_100/network_attribute.txt,e8193fd05a4026241e131d9131f280ea55dcb566d422dc921ffaa273ebd4fafc,5596
experiment/cases/kv_100/node.csv,f244e9d69cd271bd658062f96fd989a5a00d97c562e75f05de1864129f8acfd7,75
experiment/cases/kv_100/output/task_statistics.csv,1c25b0424c4b291a69ecb91619a201ce3861412b3958f3b8962802ef640f8865,26926
experiment/cases/kv_100/parameter-resolution.json,1c2c730d3625606ef1f3523153d9cdbe9a5c78e34420b36b202784a05538ccc9,1224
experiment/cases/kv_100/routing_table.csv,8dd4afb6805ab67dbecc4d4e3e8f76b6ef33e4f676218ca90aba881f79f5a185,326
experiment/cases/kv_100/run-output.txt,4c45dc8ba8b4793f8fedd792a39f7d55fb3a94c76ed5d18bb9c137b7f841595d,5662
experiment/cases/kv_100/topology.csv,bae7fff12ec11ff5b737f25159f7c2c38f8e679a662e31dc32c2af2a29356f5e,237
experiment/cases/kv_100/traffic.csv,f39a62115f584126cad0036b0a624fa55011afe2baf0f4f2d404b6222a2b0fcb,12566
experiment/cases/kv_200/canonical.rank0.txt,0bac803cd182cea1c9ab8a6abbb59c081738c606dc216bcc674f60a4f793428e,15611
experiment/cases/kv_200/execution.json,0a43172b10b22da0945bc530efb2bd24282fc7272d408877deceaa20f8a3a1ae,804
experiment/cases/kv_200/experiment-spec.md,f369d710b4f38a9d136aa41fe2f820b4a39026c9b5ba2c0a0ee4361270673b19,1742
experiment/cases/kv_200/flow_manifest.csv,6a6904b2368aa16a06b031bb37900bbb2ab768087ac5d7cd881dec4a1db4495c,37475
experiment/cases/kv_200/generate_topology.py,6820a954ca1bd2e0c378a61e9f2c5bad6b7ea412fc4161473519e8a97ca2008e,1016
experiment/cases/kv_200/network_attribute.txt,e8193fd05a4026241e131d9131f280ea55dcb566d422dc921ffaa273ebd4fafc,5596
experiment/cases/kv_200/node.csv,f244e9d69cd271bd658062f96fd989a5a00d97c562e75f05de1864129f8acfd7,75
experiment/cases/kv_200/output/task_statistics.csv,82a12a4dc7f5b1740a06966cd4ed550b069e61de637ec80d3c761e459b6e9838,27083
experiment/cases/kv_200/parameter-resolution.json,ec1624dacb1b04914732c8e490cf1372dd1cfdc8f19b63e5cba04bd3aadfacb1,1224
experiment/cases/kv_200/routing_table.csv,8dd4afb6805ab67dbecc4d4e3e8f76b6ef33e4f676218ca90aba881f79f5a185,326
experiment/cases/kv_200/run-output.txt,7305400d62a5f8e9c6229dbd45c4f5e7ffcc0a35dcb74e27cc7583b5d97086bb,5478
experiment/cases/kv_200/topology.csv,32ba3e660947bf2c40a5a5ba0453ce1993db86b75f66965221a31c09aea76287,237
experiment/cases/kv_200/traffic.csv,f39a62115f584126cad0036b0a624fa55011afe2baf0f4f2d404b6222a2b0fcb,12566
experiment/cases/no_kv_100/canonical.rank0.txt,292d0418c41dc54c14cc5a4ebc329e9230e69e36a6a604bdee75d1606679f3cd,12888
experiment/cases/no_kv_100/execution.json,8983849ebdfec87bdd752b9c592411ecac10e0b8df6ee31d6a1ada3fcf4671dc,813
experiment/cases/no_kv_100/experiment-spec.md,ef684faae807dff94a9d9fde3f611b1282fa6a6e2b408a8a5c4e357bbd5bc9c5,1719
experiment/cases/no_kv_100/flow_manifest.csv,18d11775dfe8d2f39f91d5db98abd49f8682d54f038441d9a7632ad8374d7ba0,33483
experiment/cases/no_kv_100/generate_topology.py,08c7957473c156582f8b92fb0bb3a48a7c7062f022f30eab15025fd415dc3cbc,1016
experiment/cases/no_kv_100/network_attribute.txt,e8193fd05a4026241e131d9131f280ea55dcb566d422dc921ffaa273ebd4fafc,5596
experiment/cases/no_kv_100/node.csv,f244e9d69cd271bd658062f96fd989a5a00d97c562e75f05de1864129f8acfd7,75
experiment/cases/no_kv_100/output/task_statistics.csv,785c97a6e8374579d0d46f20799f7b87010c30d946fcc04518dcbb83da9876a2,22457
experiment/cases/no_kv_100/parameter-resolution.json,99f7160df93eeea2fbb434a9d9cdfa9992ca8fdeef2dd3e0ecd10cf8db6dea18,1227
experiment/cases/no_kv_100/routing_table.csv,8dd4afb6805ab67dbecc4d4e3e8f76b6ef33e4f676218ca90aba881f79f5a185,326
experiment/cases/no_kv_100/run-output.txt,2dc3c21b6e2427755f8018300e1964aee1dc66733d817b05694809feb2aea44a,5122
experiment/cases/no_kv_100/topology.csv,bae7fff12ec11ff5b737f25159f7c2c38f8e679a662e31dc32c2af2a29356f5e,237
experiment/cases/no_kv_100/traffic.csv,7ba7232f81441bd2c2289c6782ffc97866e471759ba49ebd01b6de8b9364ab16,10324
experiment/command-manifest.yaml,7d1523e34d9026ec7145a124c14600de39e595c48c24f4b75ede48e8c3b969b0,2638
experiment/experiment-plan.md,e25933b574d2b78648f7e2e4d679f1160a13ebb05ed2b5992c2ac07d0446ab93,7193
experiment/generation.json,463d237b026c3245b236378e3f080c9ce3cf54c4945609cd5c581c848f73cce2,3375
experiment/matrix.yaml,20d9bb73827949ea5dd075e1d36644d825b6a8e799b5a0a30c6e4ac316f9c6b3,2463
experiment/run-ledger.md,8040116948cb98f503886728d1a4a8d679964894831c5f1022151162ba11b2f6,2659
provenance.json,864fe0d5eda723b42bf5527e73d3c9e3a6c3777c669afa2dbbb910137112336d,658
reports/report.md,2a6738f5ae3aebe4e05f68f562696aa253928c39ccbed730ea4d4bc8c35e07dd,8391
sources/flow_manifest.csv,522f29df9236bfedc337b35b07cf81cd47bde0a5c1cd1e3e761afa053e06d786,1649
sources/llmservingsim_middle_block_events.csv,9ee04ead540c194231e3b05b63b2b21f39064eaa66a540f933c2bf30b778f4ae,5540
sources/profile-meta.yaml,e755433ea63a19e9d4a4919f04da412807aa520972dc97df3dfb8908b6a70f96,2342
sources/source_manifest.csv,537cc22d9ce00705fab7598a7770a6520dd8778ffec45e60248bb89a9d5b7f81,485
tools/analyze.py,7b4c6a459dd0fee3c92c01c02e4685b5caff4090cbb3356e5ad38a6f8ba3b8d6,12934
tools/plot.py,766370797a6d396d34884bb5a068e0898443b20cbaa4266d1a030dd15fc408fd,9862
tools/prepare_cases.py,9867a144bc8bfa9f18d0967bac9a5023bc7eada385debbb5d7b0a02a65ab3d0d,7054
tools/publish_snapshot.py,8497bb1c5dc7cbb4cc8da2d77afb92cc04da2a22b9250b236586673de9565883,4134
tools/run_cases.py,9c12ed4f593ebb3e831bf00511b93b43c76687a19610fd8075104cd6c4ec8199,2722
tools/test_analysis.py,6c246557f44ceb9202cc1eb29594d9e75785ee9e9fae9a9b044af3aa06f778ca,3964
tools/verify_snapshot.py,59da3ee104060a17d01f79a67c7117febfa4e36c2e64953bd9b943b1a64ce6f1,3892
visualizations/controlled-comparison.png,276cc7caa03594137ca1ccdf3f4b255f896cac6af1b538f3ad42612dca46764e,246566
visualizations/controlled-comparison.svg,bd89f1f26012e927287b29ee710548bc34a628c70e62d43ac59cf82a6cc1900d,1801110
visualizations/dependent-long-window.png,919943a77c4f3be1de64a43fa29dd44b269656343a04525c3b1d949627507d26,322084
visualizations/dependent-long-window.svg,a8cad93449328ee969aa19f039313e9aa9f8686afbd8bf6a7a3f298ae951249e,1201796
visualizations/dependent-peak-zoom.png,9c1eb6b9c61b626dd2c924e353b5a20e0243dcdcd70803e18a19b13afb816177,243341
visualizations/dependent-peak-zoom.svg,6aab81e588c08ae29fd788001d4f93c0c66610b7f0afe271bf2c3156a50bff45,822500
visualizations/packet-slot-zoom.png,65a08dfb5776b26eeff554bc8cfe29b32fb4af5879c8d8a824cd484e2236e64f,100305
visualizations/packet-slot-zoom.svg,99a924c8e2da5bcf1629849af41417ed60180dd57ec9120eab08d1d45448e3c1,18492
