taskId,sourceNode,destNode,dataSize(Byte),opType,priority,delay,phaseId,dependOnPhases
0,0,4,278528,URMA_WRITE,7,20us,0,
1,0,4,278528,URMA_WRITE,7,110us,1,
2,1,5,278528,URMA_WRITE,7,110us,1,
3,0,4,278528,URMA_WRITE,7,220us,2,
4,5,1,278528,URMA_WRITE,7,220us,2,
5,0,4,278528,URMA_WRITE,7,330us,3,
6,1,5,524288,URMA_WRITE,7,330us,3,
7,0,4,69632,URMA_WRITE,7,470us,4,
8,1,5,69632,URMA_WRITE,7,470us,4,
9,2,6,69632,URMA_WRITE,7,470us,4,
10,3,7,69632,URMA_WRITE,7,470us,4,
11,0,4,278528,URMA_WRITE,7,560us,5,
12,1,5,139264,URMA_WRITE,7,560us,5,
13,0,4,278528,URMA_WRITE,7,670us,6,
14,1,5,524288,URMA_WRITE,7,670us,6,
15,5,1,278528,URMA_WRITE,7,670us,6,
16,0,4,278528,URMA_WRITE,7,820us,7,
17,0,4,278528,URMA_WRITE,7,900us,8,
18,1,5,278528,URMA_WRITE,7,900us,8,
19,1,5,524288,URMA_WRITE,7,1020us,9,
