wave_id,wave_label,task_id,flow_kind,direction,src,dst,payload_bytes,task_start_us,task_complete_us,first_packet_us,last_ack_us,packet_fct_us,task_throughput_gbps,evidence
0,目标基线,0,target,L2R,0,4,278528,20.000000,43.113300,20.001000,43.231740,23.230740,96.404400,ns3-simulated/trace-derived
1,同向 EP,1,target,L2R,0,4,278528,110.000000,155.819860,110.001000,155.938300,45.937300,48.630100,ns3-simulated/trace-derived
1,同向 EP,2,ep_competitor,L2R,1,5,278528,110.000000,155.485940,110.001000,155.683800,45.682800,48.987100,ns3-simulated/trace-derived
2,反向 EP,3,target,L2R,0,4,278528,220.000000,243.613380,220.001000,243.731820,23.730820,94.362800,ns3-simulated/trace-derived
2,反向 EP,4,reverse_ep,R2L,5,1,278528,220.000000,243.613380,220.001000,243.731820,23.730820,94.362800,ns3-simulated/trace-derived
3,同向 KV,5,target,L2R,0,4,278528,330.000000,375.819860,330.001000,377.313320,47.312320,48.630100,ns3-simulated/trace-derived
3,同向 KV,6,kv_competitor,L2R,1,5,524288,330.000000,395.894980,330.001000,396.013420,66.012420,63.651300,ns3-simulated/trace-derived
4,四 peer dispatch,7,balanced_dispatch,L2R,0,4,69632,470.000000,492.779380,470.001000,492.967240,22.966240,24.454400,ns3-simulated/trace-derived
4,四 peer dispatch,8,balanced_dispatch,L2R,1,5,69632,470.000000,493.113300,470.001000,493.231740,23.230740,24.101100,ns3-simulated/trace-derived
4,四 peer dispatch,9,balanced_dispatch,L2R,2,6,69632,470.000000,492.111540,470.001000,492.947240,22.946240,25.193000,ns3-simulated/trace-derived
4,四 peer dispatch,10,balanced_dispatch,L2R,3,7,69632,470.000000,492.445460,470.001000,492.957240,22.956240,24.818200,ns3-simulated/trace-derived
5,50% EP,11,target,L2R,0,4,278528,560.000000,594.491540,560.001000,594.609980,34.608980,64.602000,ns3-simulated/trace-derived
5,50% EP,12,ep_competitor,L2R,1,5,139264,560.000000,583.113300,560.001000,583.923960,23.922960,48.202200,ns3-simulated/trace-derived
6,KV + 反向 EP,13,target,L2R,0,4,278528,670.000000,711.937780,670.001000,713.112360,43.111360,53.131700,ns3-simulated/trace-derived
6,KV + 反向 EP,14,kv_competitor,L2R,1,5,524288,670.000000,736.204220,670.001000,736.563640,66.562640,63.354000,ns3-simulated/trace-derived
6,KV + 反向 EP,15,reverse_ep,R2L,5,1,278528,670.000000,736.483980,670.001000,736.602420,66.601420,33.515200,ns3-simulated/trace-derived
7,目标基线,16,target,L2R,0,4,278528,820.000000,843.113300,820.001000,843.231740,23.230740,96.404400,ns3-simulated/trace-derived
8,同向 EP,17,target,L2R,0,4,278528,900.000000,945.819860,900.001000,945.938300,45.937300,48.630100,ns3-simulated/trace-derived
8,同向 EP,18,ep_competitor,L2R,1,5,278528,900.000000,945.485940,900.001000,945.683800,45.682800,48.987100,ns3-simulated/trace-derived
9,KV drain,19,kv_competitor,L2R,1,5,524288,1020.000000,1063.158500,1020.001000,1063.276940,43.275940,97.183700,ns3-simulated/trace-derived
