task_id,group,repetition,source_block,collective,algorithm_stage,phase_id,depends_on_phase,src,dst,payload_bytes,delay_ns,source_task_id,evidence,start_us,complete_us,first_packet_us,last_ack_us,fct_us
0,G0,0,24,AllReduce,reduce_scatter,0,,0,4,262144,36330,0,profile-derived-compute/trace-bytes/ring-projection/synthetic-replica-replay,36.33000000,58.66562000,36.34000000,58.79024000,22.45024000
1,G0,0,24,AllReduce,reduce_scatter,0,,4,0,262144,36330,1,profile-derived-compute/trace-bytes/ring-projection/synthetic-replica-replay,36.33000000,58.66562000,36.34000000,58.79024000,22.45024000
2,G0,0,24,AllReduce,allgather,1,0.0,0,4,262144,0,2,profile-derived-compute/trace-bytes/ring-projection/synthetic-replica-replay,58.68562000,100.58666000,58.69280000,101.61800000,42.92520000
3,G0,0,24,AllReduce,allgather,1,0.0,4,0,262144,0,3,profile-derived-compute/trace-bytes/ring-projection/synthetic-replica-replay,58.68562000,100.58666000,58.69280000,101.61800000,42.92520000
4,G0,0,24,AllGather,ring_exchange,2,1.0,0,4,278528,2549,4,profile-derived-compute/trace-bytes/ring-projection/synthetic-replica-replay,103.15566000,170.60850000,103.16566000,170.72680000,67.56114000
5,G0,0,24,AllGather,ring_exchange,2,1.0,4,0,278528,2549,5,profile-derived-compute/trace-bytes/ring-projection/synthetic-replica-replay,103.15566000,170.60850000,103.16566000,170.72680000,67.56114000
6,G0,0,24,ReduceScatter,ring_exchange,3,2.0,0,4,262144,456737,6,profile-derived-compute/trace-bytes/ring-projection/synthetic-replica-replay,627.36550000,649.69608000,627.37550000,649.82352000,22.44802000
7,G0,0,24,ReduceScatter,ring_exchange,3,2.0,4,0,262144,456737,7,profile-derived-compute/trace-bytes/ring-projection/synthetic-replica-replay,627.36550000,649.69608000,627.37550000,649.82352000,22.44802000
8,G0,1,24,AllReduce,reduce_scatter,4,3.0,0,4,262144,36330,0,profile-derived-compute/trace-bytes/ring-projection/synthetic-replica-replay,686.04608000,739.34562000,686.05608000,739.46392000,53.40784000
9,G0,1,24,AllReduce,reduce_scatter,4,3.0,4,0,262144,36330,1,profile-derived-compute/trace-bytes/ring-projection/synthetic-replica-replay,686.04608000,739.34562000,686.05608000,739.46392000,53.40784000
10,G0,1,24,AllReduce,allgather,5,4.0,0,4,262144,0,2,profile-derived-compute/trace-bytes/ring-projection/synthetic-replica-replay,739.36562000,761.79106000,739.37562000,761.91568000,22.54006000
11,G0,1,24,AllReduce,allgather,5,4.0,4,0,262144,0,3,profile-derived-compute/trace-bytes/ring-projection/synthetic-replica-replay,739.36562000,761.79106000,739.37562000,761.91568000,22.54006000
12,G0,1,24,AllGather,ring_exchange,6,5.0,0,4,278528,2549,4,profile-derived-compute/trace-bytes/ring-projection/synthetic-replica-replay,764.36006000,831.55712000,764.37006000,831.69542000,67.32536000
13,G0,1,24,AllGather,ring_exchange,6,5.0,4,0,278528,2549,5,profile-derived-compute/trace-bytes/ring-projection/synthetic-replica-replay,764.36006000,831.55712000,764.37006000,831.69542000,67.32536000
14,G0,1,24,ReduceScatter,ring_exchange,7,6.0,0,4,262144,456737,6,profile-derived-compute/trace-bytes/ring-projection/synthetic-replica-replay,1288.31412000,1310.64974000,1288.32412000,1310.77718000,22.45306000
15,G0,1,24,ReduceScatter,ring_exchange,7,6.0,4,0,262144,456737,7,profile-derived-compute/trace-bytes/ring-projection/synthetic-replica-replay,1288.31412000,1310.64974000,1288.32412000,1310.77718000,22.45306000
16,G0,2,24,AllReduce,reduce_scatter,8,7.0,0,4,262144,36330,0,profile-derived-compute/trace-bytes/ring-projection/synthetic-replica-replay,1346.99974000,1369.34032000,1347.00974000,1369.46494000,22.45520000
17,G0,2,24,AllReduce,reduce_scatter,8,7.0,4,0,262144,36330,1,profile-derived-compute/trace-bytes/ring-projection/synthetic-replica-replay,1346.99974000,1369.34032000,1347.00974000,1369.46494000,22.45520000
18,G0,2,24,AllReduce,allgather,9,8.0,0,4,262144,0,2,profile-derived-compute/trace-bytes/ring-projection/synthetic-replica-replay,1369.36032000,1434.72752000,1369.36750000,1434.84582000,65.47832000
19,G0,2,24,AllReduce,allgather,9,8.0,4,0,262144,0,3,profile-derived-compute/trace-bytes/ring-projection/synthetic-replica-replay,1369.36032000,1434.72752000,1369.36750000,1434.84582000,65.47832000
20,G0,2,24,AllGather,ring_exchange,10,9.0,0,4,278528,2549,4,profile-derived-compute/trace-bytes/ring-projection/synthetic-replica-replay,1437.29652000,1461.01782000,1437.30652000,1461.14244000,23.83592000
21,G0,2,24,AllGather,ring_exchange,10,9.0,4,0,278528,2549,5,profile-derived-compute/trace-bytes/ring-projection/synthetic-replica-replay,1437.29652000,1461.01782000,1437.30652000,1461.14244000,23.83592000
22,G0,2,24,ReduceScatter,ring_exchange,11,10.0,0,4,262144,456737,6,profile-derived-compute/trace-bytes/ring-projection/synthetic-replica-replay,1917.77482000,1940.11044000,1917.78482000,1940.23788000,22.45306000
23,G0,2,24,ReduceScatter,ring_exchange,11,10.0,4,0,262144,456737,7,profile-derived-compute/trace-bytes/ring-projection/synthetic-replica-replay,1917.77482000,1940.11044000,1917.78482000,1940.23788000,22.45306000
24,G0,3,24,AllReduce,reduce_scatter,12,11.0,0,4,262144,36330,0,profile-derived-compute/trace-bytes/ring-projection/synthetic-replica-replay,1976.46044000,1998.79102000,1976.47044000,1998.91564000,22.44520000
25,G0,3,24,AllReduce,reduce_scatter,12,11.0,4,0,262144,36330,1,profile-derived-compute/trace-bytes/ring-projection/synthetic-replica-replay,1976.46044000,1998.79102000,1976.47044000,1998.91564000,22.44520000
26,G0,3,24,AllReduce,allgather,13,12.0,0,4,262144,0,2,profile-derived-compute/trace-bytes/ring-projection/synthetic-replica-replay,1998.81102000,2021.14382000,1998.81820000,2021.26844000,22.45024000
27,G0,3,24,AllReduce,allgather,13,12.0,4,0,262144,0,3,profile-derived-compute/trace-bytes/ring-projection/synthetic-replica-replay,1998.81102000,2021.14382000,1998.81820000,2021.26844000,22.45024000
28,G0,3,24,AllGather,ring_exchange,14,13.0,0,4,278528,2549,4,profile-derived-compute/trace-bytes/ring-projection/synthetic-replica-replay,2023.71282000,2047.44412000,2023.72282000,2047.56874000,23.84592000
29,G0,3,24,AllGather,ring_exchange,14,13.0,4,0,278528,2549,5,profile-derived-compute/trace-bytes/ring-projection/synthetic-replica-replay,2023.71282000,2047.44412000,2023.72282000,2047.56874000,23.84592000
30,G0,3,24,ReduceScatter,ring_exchange,15,14.0,0,4,262144,456737,6,profile-derived-compute/trace-bytes/ring-projection/synthetic-replica-replay,2504.20112000,2526.53170000,2504.21112000,2526.65914000,22.44802000
31,G0,3,24,ReduceScatter,ring_exchange,15,14.0,4,0,262144,456737,7,profile-derived-compute/trace-bytes/ring-projection/synthetic-replica-replay,2504.20112000,2526.53170000,2504.21112000,2526.65914000,22.44802000
32,G0,4,24,AllReduce,reduce_scatter,16,15.0,0,4,262144,36330,0,profile-derived-compute/trace-bytes/ring-projection/synthetic-replica-replay,2562.88170000,2585.21228000,2562.89170000,2585.33690000,22.44520000
33,G0,4,24,AllReduce,reduce_scatter,16,15.0,4,0,262144,36330,1,profile-derived-compute/trace-bytes/ring-projection/synthetic-replica-replay,2562.88170000,2585.21228000,2562.89170000,2585.33690000,22.44520000
34,G0,4,24,AllReduce,allgather,17,16.0,0,4,262144,0,2,profile-derived-compute/trace-bytes/ring-projection/synthetic-replica-replay,2585.23228000,2607.56508000,2585.23946000,2607.68970000,22.45024000
35,G0,4,24,AllReduce,allgather,17,16.0,4,0,262144,0,3,profile-derived-compute/trace-bytes/ring-projection/synthetic-replica-replay,2585.23228000,2607.56508000,2585.23946000,2607.68970000,22.45024000
36,G0,4,24,AllGather,ring_exchange,18,17.0,0,4,278528,2549,4,profile-derived-compute/trace-bytes/ring-projection/synthetic-replica-replay,2610.13408000,2633.86538000,2610.14408000,2633.99000000,23.84592000
37,G0,4,24,AllGather,ring_exchange,18,17.0,4,0,278528,2549,5,profile-derived-compute/trace-bytes/ring-projection/synthetic-replica-replay,2610.13408000,2633.86538000,2610.14408000,2633.99000000,23.84592000
38,G0,4,24,ReduceScatter,ring_exchange,19,18.0,0,4,262144,456737,6,profile-derived-compute/trace-bytes/ring-projection/synthetic-replica-replay,3090.62238000,3112.95800000,3090.63238000,3113.08544000,22.45306000
39,G0,4,24,ReduceScatter,ring_exchange,19,18.0,4,0,262144,456737,7,profile-derived-compute/trace-bytes/ring-projection/synthetic-replica-replay,3090.62238000,3112.95800000,3090.63238000,3113.08544000,22.45306000
40,G0,5,24,AllReduce,reduce_scatter,20,19.0,0,4,262144,36330,0,profile-derived-compute/trace-bytes/ring-projection/synthetic-replica-replay,3149.30800000,3171.63858000,3149.31800000,3171.76320000,22.44520000
41,G0,5,24,AllReduce,reduce_scatter,20,19.0,4,0,262144,36330,1,profile-derived-compute/trace-bytes/ring-projection/synthetic-replica-replay,3149.30800000,3171.63858000,3149.31800000,3171.76320000,22.44520000
42,G0,5,24,AllReduce,allgather,21,20.0,0,4,262144,0,2,profile-derived-compute/trace-bytes/ring-projection/synthetic-replica-replay,3171.65858000,3193.99138000,3171.66576000,3194.11600000,22.45024000
43,G0,5,24,AllReduce,allgather,21,20.0,4,0,262144,0,3,profile-derived-compute/trace-bytes/ring-projection/synthetic-replica-replay,3171.65858000,3193.99138000,3171.66576000,3194.11600000,22.45024000
44,G0,5,24,AllGather,ring_exchange,22,21.0,0,4,278528,2549,4,profile-derived-compute/trace-bytes/ring-projection/synthetic-replica-replay,3196.56038000,3220.29168000,3196.57038000,3220.41630000,23.84592000
45,G0,5,24,AllGather,ring_exchange,22,21.0,4,0,278528,2549,5,profile-derived-compute/trace-bytes/ring-projection/synthetic-replica-replay,3196.56038000,3220.29168000,3196.57038000,3220.41630000,23.84592000
46,G0,5,24,ReduceScatter,ring_exchange,23,22.0,0,4,262144,456737,6,profile-derived-compute/trace-bytes/ring-projection/synthetic-replica-replay,3677.04868000,3699.37926000,3677.05868000,3699.50670000,22.44802000
47,G0,5,24,ReduceScatter,ring_exchange,23,22.0,4,0,262144,456737,7,profile-derived-compute/trace-bytes/ring-projection/synthetic-replica-replay,3677.04868000,3699.37926000,3677.05868000,3699.50670000,22.44802000
48,G0,6,24,AllReduce,reduce_scatter,24,23.0,0,4,262144,36330,0,profile-derived-compute/trace-bytes/ring-projection/synthetic-replica-replay,3735.72926000,3758.05984000,3735.73926000,3758.18446000,22.44520000
49,G0,6,24,AllReduce,reduce_scatter,24,23.0,4,0,262144,36330,1,profile-derived-compute/trace-bytes/ring-projection/synthetic-replica-replay,3735.72926000,3758.05984000,3735.73926000,3758.18446000,22.44520000
50,G0,6,24,AllReduce,allgather,25,24.0,0,4,262144,0,2,profile-derived-compute/trace-bytes/ring-projection/synthetic-replica-replay,3758.07984000,3780.41264000,3758.08702000,3780.53726000,22.45024000
51,G0,6,24,AllReduce,allgather,25,24.0,4,0,262144,0,3,profile-derived-compute/trace-bytes/ring-projection/synthetic-replica-replay,3758.07984000,3780.41264000,3758.08702000,3780.53726000,22.45024000
52,G0,6,24,AllGather,ring_exchange,26,25.0,0,4,278528,2549,4,profile-derived-compute/trace-bytes/ring-projection/synthetic-replica-replay,3782.98164000,3806.71294000,3782.99164000,3806.83756000,23.84592000
53,G0,6,24,AllGather,ring_exchange,26,25.0,4,0,278528,2549,5,profile-derived-compute/trace-bytes/ring-projection/synthetic-replica-replay,3782.98164000,3806.71294000,3782.99164000,3806.83756000,23.84592000
54,G0,6,24,ReduceScatter,ring_exchange,27,26.0,0,4,262144,456737,6,profile-derived-compute/trace-bytes/ring-projection/synthetic-replica-replay,4263.46994000,4332.25580000,4263.47994000,4332.37410000,68.89416000
55,G0,6,24,ReduceScatter,ring_exchange,27,26.0,4,0,262144,456737,7,profile-derived-compute/trace-bytes/ring-projection/synthetic-replica-replay,4263.46994000,4332.25580000,4263.47994000,4332.37410000,68.89416000
56,G0,7,24,AllReduce,reduce_scatter,28,27.0,0,4,262144,36330,0,profile-derived-compute/trace-bytes/ring-projection/synthetic-replica-replay,4368.60580000,4390.93638000,4368.61580000,4391.06100000,22.44520000
57,G0,7,24,AllReduce,reduce_scatter,28,27.0,4,0,262144,36330,1,profile-derived-compute/trace-bytes/ring-projection/synthetic-replica-replay,4368.60580000,4390.93638000,4368.61580000,4391.06100000,22.44520000
58,G0,7,24,AllReduce,allgather,29,28.0,0,4,262144,0,2,profile-derived-compute/trace-bytes/ring-projection/synthetic-replica-replay,4390.95638000,4413.28918000,4390.96356000,4413.41380000,22.45024000
59,G0,7,24,AllReduce,allgather,29,28.0,4,0,262144,0,3,profile-derived-compute/trace-bytes/ring-projection/synthetic-replica-replay,4390.95638000,4413.28918000,4390.96356000,4413.41380000,22.45024000
60,G0,7,24,AllGather,ring_exchange,30,29.0,0,4,278528,2549,4,profile-derived-compute/trace-bytes/ring-projection/synthetic-replica-replay,4415.85818000,4439.58948000,4415.86818000,4439.71410000,23.84592000
61,G0,7,24,AllGather,ring_exchange,30,29.0,4,0,278528,2549,5,profile-derived-compute/trace-bytes/ring-projection/synthetic-replica-replay,4415.85818000,4439.58948000,4415.86818000,4439.71410000,23.84592000
62,G0,7,24,ReduceScatter,ring_exchange,31,30.0,0,4,262144,456737,6,profile-derived-compute/trace-bytes/ring-projection/synthetic-replica-replay,4896.34648000,4955.39940000,4896.35648000,4957.78010000,61.42362000
63,G0,7,24,ReduceScatter,ring_exchange,31,30.0,4,0,262144,456737,7,profile-derived-compute/trace-bytes/ring-projection/synthetic-replica-replay,4896.34648000,4955.39940000,4896.35648000,4957.78010000,61.42362000
64,G0,8,24,AllReduce,reduce_scatter,32,31.0,0,4,262144,36330,0,profile-derived-compute/trace-bytes/ring-projection/synthetic-replica-replay,4991.74940000,5052.24674000,4991.75940000,5052.37418000,60.61478000
65,G0,8,24,AllReduce,reduce_scatter,32,31.0,4,0,262144,36330,1,profile-derived-compute/trace-bytes/ring-projection/synthetic-replica-replay,4991.74940000,5052.24674000,4991.75940000,5052.37418000,60.61478000
66,G0,8,24,AllReduce,allgather,33,32.0,0,4,262144,0,2,profile-derived-compute/trace-bytes/ring-projection/synthetic-replica-replay,5052.26674000,5074.60236000,5052.27674000,5074.72698000,22.45024000
67,G0,8,24,AllReduce,allgather,33,32.0,4,0,262144,0,3,profile-derived-compute/trace-bytes/ring-projection/synthetic-replica-replay,5052.26674000,5074.60236000,5052.27674000,5074.72698000,22.45024000
68,G0,8,24,AllGather,ring_exchange,34,33.0,0,4,278528,2549,4,profile-derived-compute/trace-bytes/ring-projection/synthetic-replica-replay,5077.17136000,5100.88762000,5077.18136000,5101.01224000,23.83088000
69,G0,8,24,AllGather,ring_exchange,34,33.0,4,0,278528,2549,5,profile-derived-compute/trace-bytes/ring-projection/synthetic-replica-replay,5077.17136000,5100.88762000,5077.18136000,5101.01224000,23.83088000
70,G0,8,24,ReduceScatter,ring_exchange,35,34.0,0,4,262144,456737,6,profile-derived-compute/trace-bytes/ring-projection/synthetic-replica-replay,5557.64462000,5579.98024000,5557.65462000,5580.10768000,22.45306000
71,G0,8,24,ReduceScatter,ring_exchange,35,34.0,4,0,262144,456737,7,profile-derived-compute/trace-bytes/ring-projection/synthetic-replica-replay,5557.64462000,5579.98024000,5557.65462000,5580.10768000,22.45306000
72,G0,9,24,AllReduce,reduce_scatter,36,35.0,0,4,262144,36330,0,profile-derived-compute/trace-bytes/ring-projection/synthetic-replica-replay,5616.33024000,5675.17234000,5616.34024000,5677.88200000,61.54176000
73,G0,9,24,AllReduce,reduce_scatter,36,35.0,4,0,262144,36330,1,profile-derived-compute/trace-bytes/ring-projection/synthetic-replica-replay,5616.33024000,5675.17234000,5616.34024000,5677.88200000,61.54176000
74,G0,9,24,AllReduce,allgather,37,36.0,0,4,262144,0,2,profile-derived-compute/trace-bytes/ring-projection/synthetic-replica-replay,5675.19234000,5721.89146000,5675.20234000,5722.00890000,46.80656000
75,G0,9,24,AllReduce,allgather,37,36.0,4,0,262144,0,3,profile-derived-compute/trace-bytes/ring-projection/synthetic-replica-replay,5675.19234000,5721.89146000,5675.20234000,5722.00890000,46.80656000
76,G0,9,24,AllGather,ring_exchange,38,37.0,0,4,278528,2549,4,profile-derived-compute/trace-bytes/ring-projection/synthetic-replica-replay,5724.46046000,5794.54760000,5724.47046000,5794.67590000,70.20544000
77,G0,9,24,AllGather,ring_exchange,38,37.0,4,0,278528,2549,5,profile-derived-compute/trace-bytes/ring-projection/synthetic-replica-replay,5724.46046000,5794.54760000,5724.47046000,5794.67590000,70.20544000
78,G0,9,24,ReduceScatter,ring_exchange,39,38.0,0,4,262144,456737,6,profile-derived-compute/trace-bytes/ring-projection/synthetic-replica-replay,6251.30460000,6317.64358000,6251.31460000,6317.76188000,66.44728000
79,G0,9,24,ReduceScatter,ring_exchange,39,38.0,4,0,262144,456737,7,profile-derived-compute/trace-bytes/ring-projection/synthetic-replica-replay,6251.30460000,6317.64358000,6251.31460000,6317.76188000,66.44728000
80,G1,0,24,AllReduce,reduce_scatter,100,,1,5,262144,76330,0,profile-derived-compute/trace-bytes/ring-projection/synthetic-replica-replay,76.33000000,102.97594000,76.34000000,103.10056000,26.76056000
81,G1,0,24,AllReduce,reduce_scatter,100,,5,1,262144,76330,1,profile-derived-compute/trace-bytes/ring-projection/synthetic-replica-replay,76.33000000,102.97594000,76.34000000,103.10056000,26.76056000
82,G1,0,24,AllReduce,allgather,101,100.0,1,5,262144,0,2,profile-derived-compute/trace-bytes/ring-projection/synthetic-replica-replay,102.99594000,170.34850000,103.00312000,170.46680000,67.46368000
83,G1,0,24,AllReduce,allgather,101,100.0,5,1,262144,0,3,profile-derived-compute/trace-bytes/ring-projection/synthetic-replica-replay,102.99594000,170.34850000,103.00312000,170.46680000,67.46368000
84,G1,0,24,AllGather,ring_exchange,102,101.0,1,5,278528,2549,4,profile-derived-compute/trace-bytes/ring-projection/synthetic-replica-replay,172.91750000,216.52420000,172.92750000,216.62164000,43.69414000
85,G1,0,24,AllGather,ring_exchange,102,101.0,5,1,278528,2549,5,profile-derived-compute/trace-bytes/ring-projection/synthetic-replica-replay,172.91750000,216.52420000,172.92750000,216.62164000,43.69414000
86,G1,0,24,ReduceScatter,ring_exchange,103,102.0,1,5,262144,456737,6,profile-derived-compute/trace-bytes/ring-projection/synthetic-replica-replay,673.28120000,736.13338000,673.29120000,737.20832000,63.91712000
87,G1,0,24,ReduceScatter,ring_exchange,103,102.0,5,1,262144,456737,7,profile-derived-compute/trace-bytes/ring-projection/synthetic-replica-replay,673.28120000,736.13338000,673.29120000,737.20832000,63.91712000
88,G1,1,24,AllReduce,reduce_scatter,104,103.0,1,5,262144,36330,0,profile-derived-compute/trace-bytes/ring-projection/synthetic-replica-replay,772.48338000,832.04712000,772.49338000,832.16542000,59.67204000
89,G1,1,24,AllReduce,reduce_scatter,104,103.0,5,1,262144,36330,1,profile-derived-compute/trace-bytes/ring-projection/synthetic-replica-replay,772.48338000,832.04712000,772.49338000,832.16542000,59.67204000
90,G1,1,24,AllReduce,allgather,105,104.0,1,5,262144,0,2,profile-derived-compute/trace-bytes/ring-projection/synthetic-replica-replay,832.06712000,876.37888000,832.07712000,876.49718000,44.42006000
91,G1,1,24,AllReduce,allgather,105,104.0,5,1,262144,0,3,profile-derived-compute/trace-bytes/ring-projection/synthetic-replica-replay,832.06712000,876.37888000,832.07712000,876.49718000,44.42006000
92,G1,1,24,AllGather,ring_exchange,106,105.0,1,5,278528,2549,4,profile-derived-compute/trace-bytes/ring-projection/synthetic-replica-replay,878.94788000,926.01734000,878.95788000,926.13564000,47.17776000
93,G1,1,24,AllGather,ring_exchange,106,105.0,5,1,278528,2549,5,profile-derived-compute/trace-bytes/ring-projection/synthetic-replica-replay,878.94788000,926.01734000,878.95788000,926.13564000,47.17776000
94,G1,1,24,ReduceScatter,ring_exchange,107,106.0,1,5,262144,456737,6,profile-derived-compute/trace-bytes/ring-projection/synthetic-replica-replay,1382.77434000,1435.72752000,1382.78434000,1435.85496000,53.07062000
95,G1,1,24,ReduceScatter,ring_exchange,107,106.0,5,1,262144,456737,7,profile-derived-compute/trace-bytes/ring-projection/synthetic-replica-replay,1382.77434000,1435.72752000,1382.78434000,1435.85496000,53.07062000
96,G1,2,24,AllReduce,reduce_scatter,108,107.0,1,5,262144,36330,0,profile-derived-compute/trace-bytes/ring-projection/synthetic-replica-replay,1472.07752000,1516.38562000,1472.08752000,1516.51306000,44.42554000
97,G1,2,24,AllReduce,reduce_scatter,108,107.0,5,1,262144,36330,1,profile-derived-compute/trace-bytes/ring-projection/synthetic-replica-replay,1472.07752000,1516.38562000,1472.08752000,1516.51306000,44.42554000
98,G1,2,24,AllReduce,allgather,109,108.0,1,5,262144,0,2,profile-derived-compute/trace-bytes/ring-projection/synthetic-replica-replay,1516.40562000,1560.70372000,1516.41562000,1560.82202000,44.40640000
99,G1,2,24,AllReduce,allgather,109,108.0,5,1,262144,0,3,profile-derived-compute/trace-bytes/ring-projection/synthetic-replica-replay,1516.40562000,1560.70372000,1516.41562000,1560.82202000,44.40640000
100,G1,2,24,AllGather,ring_exchange,110,109.0,1,5,278528,2549,4,profile-derived-compute/trace-bytes/ring-projection/synthetic-replica-replay,1563.27272000,1610.36438000,1563.28272000,1610.48552000,47.20280000
101,G1,2,24,AllGather,ring_exchange,110,109.0,5,1,278528,2549,5,profile-derived-compute/trace-bytes/ring-projection/synthetic-replica-replay,1563.27272000,1610.36438000,1563.28272000,1610.48552000,47.20280000
102,G1,2,24,ReduceScatter,ring_exchange,111,110.0,1,5,262144,456737,6,profile-derived-compute/trace-bytes/ring-projection/synthetic-replica-replay,2067.12138000,2111.42452000,2067.13138000,2111.54282000,44.41144000
103,G1,2,24,ReduceScatter,ring_exchange,111,110.0,5,1,262144,456737,7,profile-derived-compute/trace-bytes/ring-projection/synthetic-replica-replay,2067.12138000,2111.42452000,2067.13138000,2111.54282000,44.41144000
104,G1,3,24,AllReduce,reduce_scatter,112,111.0,1,5,262144,36330,0,profile-derived-compute/trace-bytes/ring-projection/synthetic-replica-replay,2147.77452000,2192.08766000,2147.78452000,2192.21510000,44.43058000
105,G1,3,24,AllReduce,reduce_scatter,112,111.0,5,1,262144,36330,1,profile-derived-compute/trace-bytes/ring-projection/synthetic-replica-replay,2147.77452000,2192.08766000,2147.78452000,2192.21510000,44.43058000
106,G1,3,24,AllReduce,allgather,113,112.0,1,5,262144,0,2,profile-derived-compute/trace-bytes/ring-projection/synthetic-replica-replay,2192.10766000,2236.40576000,2192.11766000,2236.52406000,44.40640000
107,G1,3,24,AllReduce,allgather,113,112.0,5,1,262144,0,3,profile-derived-compute/trace-bytes/ring-projection/synthetic-replica-replay,2192.10766000,2236.40576000,2192.11766000,2236.52406000,44.40640000
108,G1,3,24,AllGather,ring_exchange,114,113.0,1,5,278528,2549,4,profile-derived-compute/trace-bytes/ring-projection/synthetic-replica-replay,2238.97476000,2286.06642000,2238.98476000,2286.18756000,47.20280000
109,G1,3,24,AllGather,ring_exchange,114,113.0,5,1,278528,2549,5,profile-derived-compute/trace-bytes/ring-projection/synthetic-replica-replay,2238.97476000,2286.06642000,2238.98476000,2286.18756000,47.20280000
110,G1,3,24,ReduceScatter,ring_exchange,115,114.0,1,5,262144,456737,6,profile-derived-compute/trace-bytes/ring-projection/synthetic-replica-replay,2742.82342000,2787.12656000,2742.83342000,2787.24486000,44.41144000
111,G1,3,24,ReduceScatter,ring_exchange,115,114.0,5,1,262144,456737,7,profile-derived-compute/trace-bytes/ring-projection/synthetic-replica-replay,2742.82342000,2787.12656000,2742.83342000,2787.24486000,44.41144000
112,G1,4,24,AllReduce,reduce_scatter,116,115.0,1,5,262144,36330,0,profile-derived-compute/trace-bytes/ring-projection/synthetic-replica-replay,2823.47656000,2867.78970000,2823.48656000,2867.91714000,44.43058000
113,G1,4,24,AllReduce,reduce_scatter,116,115.0,5,1,262144,36330,1,profile-derived-compute/trace-bytes/ring-projection/synthetic-replica-replay,2823.47656000,2867.78970000,2823.48656000,2867.91714000,44.43058000
114,G1,4,24,AllReduce,allgather,117,116.0,1,5,262144,0,2,profile-derived-compute/trace-bytes/ring-projection/synthetic-replica-replay,2867.80970000,2912.10780000,2867.81970000,2912.22610000,44.40640000
115,G1,4,24,AllReduce,allgather,117,116.0,5,1,262144,0,3,profile-derived-compute/trace-bytes/ring-projection/synthetic-replica-replay,2867.80970000,2912.10780000,2867.81970000,2912.22610000,44.40640000
116,G1,4,24,AllGather,ring_exchange,118,117.0,1,5,278528,2549,4,profile-derived-compute/trace-bytes/ring-projection/synthetic-replica-replay,2914.67680000,2961.76846000,2914.68680000,2961.88960000,47.20280000
117,G1,4,24,AllGather,ring_exchange,118,117.0,5,1,278528,2549,5,profile-derived-compute/trace-bytes/ring-projection/synthetic-replica-replay,2914.67680000,2961.76846000,2914.68680000,2961.88960000,47.20280000
118,G1,4,24,ReduceScatter,ring_exchange,119,118.0,1,5,262144,456737,6,profile-derived-compute/trace-bytes/ring-projection/synthetic-replica-replay,3418.52546000,3462.82860000,3418.53546000,3462.94690000,44.41144000
119,G1,4,24,ReduceScatter,ring_exchange,119,118.0,5,1,262144,456737,7,profile-derived-compute/trace-bytes/ring-projection/synthetic-replica-replay,3418.52546000,3462.82860000,3418.53546000,3462.94690000,44.41144000
120,G1,5,24,AllReduce,reduce_scatter,120,119.0,1,5,262144,36330,0,profile-derived-compute/trace-bytes/ring-projection/synthetic-replica-replay,3499.17860000,3543.49174000,3499.18860000,3543.61918000,44.43058000
121,G1,5,24,AllReduce,reduce_scatter,120,119.0,5,1,262144,36330,1,profile-derived-compute/trace-bytes/ring-projection/synthetic-replica-replay,3499.17860000,3543.49174000,3499.18860000,3543.61918000,44.43058000
122,G1,5,24,AllReduce,allgather,121,120.0,1,5,262144,0,2,profile-derived-compute/trace-bytes/ring-projection/synthetic-replica-replay,3543.51174000,3587.80984000,3543.52174000,3587.92814000,44.40640000
123,G1,5,24,AllReduce,allgather,121,120.0,5,1,262144,0,3,profile-derived-compute/trace-bytes/ring-projection/synthetic-replica-replay,3543.51174000,3587.80984000,3543.52174000,3587.92814000,44.40640000
124,G1,5,24,AllGather,ring_exchange,122,121.0,1,5,278528,2549,4,profile-derived-compute/trace-bytes/ring-projection/synthetic-replica-replay,3590.37884000,3637.47050000,3590.38884000,3637.59164000,47.20280000
125,G1,5,24,AllGather,ring_exchange,122,121.0,5,1,278528,2549,5,profile-derived-compute/trace-bytes/ring-projection/synthetic-replica-replay,3590.37884000,3637.47050000,3590.38884000,3637.59164000,47.20280000
126,G1,5,24,ReduceScatter,ring_exchange,123,122.0,1,5,262144,456737,6,profile-derived-compute/trace-bytes/ring-projection/synthetic-replica-replay,4094.22750000,4138.53064000,4094.23750000,4138.64894000,44.41144000
127,G1,5,24,ReduceScatter,ring_exchange,123,122.0,5,1,262144,456737,7,profile-derived-compute/trace-bytes/ring-projection/synthetic-replica-replay,4094.22750000,4138.53064000,4094.23750000,4138.64894000,44.41144000
128,G1,6,24,AllReduce,reduce_scatter,124,123.0,1,5,262144,36330,0,profile-derived-compute/trace-bytes/ring-projection/synthetic-replica-replay,4174.88064000,4219.19378000,4174.89064000,4219.32122000,44.43058000
129,G1,6,24,AllReduce,reduce_scatter,124,123.0,5,1,262144,36330,1,profile-derived-compute/trace-bytes/ring-projection/synthetic-replica-replay,4174.88064000,4219.19378000,4174.89064000,4219.32122000,44.43058000
130,G1,6,24,AllReduce,allgather,125,124.0,1,5,262144,0,2,profile-derived-compute/trace-bytes/ring-projection/synthetic-replica-replay,4219.21378000,4263.51188000,4219.22378000,4263.63018000,44.40640000
131,G1,6,24,AllReduce,allgather,125,124.0,5,1,262144,0,3,profile-derived-compute/trace-bytes/ring-projection/synthetic-replica-replay,4219.21378000,4263.51188000,4219.22378000,4263.63018000,44.40640000
132,G1,6,24,AllGather,ring_exchange,126,125.0,1,5,278528,2549,4,profile-derived-compute/trace-bytes/ring-projection/synthetic-replica-replay,4266.08088000,4332.63580000,4266.09088000,4332.75410000,66.66322000
133,G1,6,24,AllGather,ring_exchange,126,125.0,5,1,278528,2549,5,profile-derived-compute/trace-bytes/ring-projection/synthetic-replica-replay,4266.08088000,4332.63580000,4266.09088000,4332.75410000,66.66322000
134,G1,6,24,ReduceScatter,ring_exchange,127,126.0,1,5,262144,456737,6,profile-derived-compute/trace-bytes/ring-projection/synthetic-replica-replay,4789.39280000,4833.69594000,4789.40280000,4833.81424000,44.41144000
135,G1,6,24,ReduceScatter,ring_exchange,127,126.0,5,1,262144,456737,7,profile-derived-compute/trace-bytes/ring-projection/synthetic-replica-replay,4789.39280000,4833.69594000,4789.40280000,4833.81424000,44.41144000
136,G1,7,24,AllReduce,reduce_scatter,128,127.0,1,5,262144,36330,0,profile-derived-compute/trace-bytes/ring-projection/synthetic-replica-replay,4870.04594000,4935.80116000,4870.05594000,4935.91946000,65.86352000
137,G1,7,24,AllReduce,reduce_scatter,128,127.0,5,1,262144,36330,1,profile-derived-compute/trace-bytes/ring-projection/synthetic-replica-replay,4870.04594000,4935.80116000,4870.05594000,4935.91946000,65.86352000
138,G1,7,24,AllReduce,allgather,129,128.0,1,5,262144,0,2,profile-derived-compute/trace-bytes/ring-projection/synthetic-replica-replay,4935.82116000,4980.45268000,4935.83116000,4980.58012000,44.74896000
139,G1,7,24,AllReduce,allgather,129,128.0,5,1,262144,0,3,profile-derived-compute/trace-bytes/ring-projection/synthetic-replica-replay,4935.82116000,4980.45268000,4935.83116000,4980.58012000,44.74896000
140,G1,7,24,AllGather,ring_exchange,130,129.0,1,5,278528,2549,4,profile-derived-compute/trace-bytes/ring-projection/synthetic-replica-replay,4983.02168000,5052.07674000,4983.03168000,5052.21504000,69.18336000
141,G1,7,24,AllGather,ring_exchange,130,129.0,5,1,278528,2549,5,profile-derived-compute/trace-bytes/ring-projection/synthetic-replica-replay,4983.02168000,5052.07674000,4983.03168000,5052.21504000,69.18336000
142,G1,7,24,ReduceScatter,ring_exchange,131,130.0,1,5,262144,456737,6,profile-derived-compute/trace-bytes/ring-projection/synthetic-replica-replay,5508.83374000,5553.14688000,5508.84374000,5553.27432000,44.43058000
143,G1,7,24,ReduceScatter,ring_exchange,131,130.0,5,1,262144,456737,7,profile-derived-compute/trace-bytes/ring-projection/synthetic-replica-replay,5508.83374000,5553.14688000,5508.84374000,5553.27432000,44.43058000
144,G1,8,24,AllReduce,reduce_scatter,132,131.0,1,5,262144,36330,0,profile-derived-compute/trace-bytes/ring-projection/synthetic-replica-replay,5589.49688000,5655.22522000,5589.50688000,5655.34352000,65.83664000
145,G1,8,24,AllReduce,reduce_scatter,132,131.0,5,1,262144,36330,1,profile-derived-compute/trace-bytes/ring-projection/synthetic-replica-replay,5589.49688000,5655.22522000,5589.50688000,5655.34352000,65.83664000
146,G1,8,24,AllReduce,allgather,133,132.0,1,5,262144,0,2,profile-derived-compute/trace-bytes/ring-projection/synthetic-replica-replay,5655.24522000,5721.43282000,5655.25522000,5721.55112000,66.29590000
147,G1,8,24,AllReduce,allgather,133,132.0,5,1,262144,0,3,profile-derived-compute/trace-bytes/ring-projection/synthetic-replica-replay,5655.24522000,5721.43282000,5655.25522000,5721.55112000,66.29590000
148,G1,8,24,AllGather,ring_exchange,134,133.0,1,5,278528,2549,4,profile-derived-compute/trace-bytes/ring-projection/synthetic-replica-replay,5724.00182000,5794.49760000,5724.01182000,5794.63590000,70.62408000
149,G1,8,24,AllGather,ring_exchange,134,133.0,5,1,278528,2549,5,profile-derived-compute/trace-bytes/ring-projection/synthetic-replica-replay,5724.00182000,5794.49760000,5724.01182000,5794.63590000,70.62408000
150,G1,8,24,ReduceScatter,ring_exchange,135,134.0,1,5,262144,456737,6,profile-derived-compute/trace-bytes/ring-projection/synthetic-replica-replay,6251.25460000,6317.62358000,6251.26460000,6317.74188000,66.47728000
151,G1,8,24,ReduceScatter,ring_exchange,135,134.0,5,1,262144,456737,7,profile-derived-compute/trace-bytes/ring-projection/synthetic-replica-replay,6251.25460000,6317.62358000,6251.26460000,6317.74188000,66.47728000
152,G1,9,24,AllReduce,reduce_scatter,136,135.0,1,5,262144,36330,0,profile-derived-compute/trace-bytes/ring-projection/synthetic-replica-replay,6353.97358000,6398.27168000,6353.98358000,6398.38998000,44.40640000
153,G1,9,24,AllReduce,reduce_scatter,136,135.0,5,1,262144,36330,1,profile-derived-compute/trace-bytes/ring-projection/synthetic-replica-replay,6353.97358000,6398.27168000,6353.98358000,6398.38998000,44.40640000
154,G1,9,24,AllReduce,allgather,137,136.0,1,5,262144,0,2,profile-derived-compute/trace-bytes/ring-projection/synthetic-replica-replay,6398.29168000,6442.60482000,6398.30168000,6442.73226000,44.43058000
155,G1,9,24,AllReduce,allgather,137,136.0,5,1,262144,0,3,profile-derived-compute/trace-bytes/ring-projection/synthetic-replica-replay,6398.29168000,6442.60482000,6398.30168000,6442.73226000,44.43058000
156,G1,9,24,AllGather,ring_exchange,138,137.0,1,5,278528,2549,4,profile-derived-compute/trace-bytes/ring-projection/synthetic-replica-replay,6445.17382000,6492.26044000,6445.18382000,6492.38158000,47.19776000
157,G1,9,24,AllGather,ring_exchange,138,137.0,5,1,278528,2549,5,profile-derived-compute/trace-bytes/ring-projection/synthetic-replica-replay,6445.17382000,6492.26044000,6445.18382000,6492.38158000,47.19776000
158,G1,9,24,ReduceScatter,ring_exchange,139,138.0,1,5,262144,456737,6,profile-derived-compute/trace-bytes/ring-projection/synthetic-replica-replay,6949.01744000,6993.31554000,6949.02744000,6993.43384000,44.40640000
159,G1,9,24,ReduceScatter,ring_exchange,139,138.0,5,1,262144,456737,7,profile-derived-compute/trace-bytes/ring-projection/synthetic-replica-replay,6949.01744000,6993.31554000,6949.02744000,6993.43384000,44.40640000
160,G2,0,24,AllReduce,reduce_scatter,200,,2,6,262144,116330,0,profile-derived-compute/trace-bytes/ring-projection/synthetic-replica-replay,116.33000000,170.77714000,116.34000000,170.90458000,54.56458000
161,G2,0,24,AllReduce,reduce_scatter,200,,6,2,262144,116330,1,profile-derived-compute/trace-bytes/ring-projection/synthetic-replica-replay,116.33000000,170.77714000,116.34000000,170.90458000,54.56458000
162,G2,0,24,AllReduce,allgather,201,200.0,2,6,262144,0,2,profile-derived-compute/trace-bytes/ring-projection/synthetic-replica-replay,170.79714000,216.31444000,170.80714000,216.43906000,45.63192000
163,G2,0,24,AllReduce,allgather,201,200.0,6,2,262144,0,3,profile-derived-compute/trace-bytes/ring-projection/synthetic-replica-replay,170.79714000,216.31444000,170.80714000,216.43906000,45.63192000
164,G2,0,24,AllGather,ring_exchange,202,201.0,2,6,278528,2549,4,profile-derived-compute/trace-bytes/ring-projection/synthetic-replica-replay,218.88344000,242.60474000,218.89344000,242.72936000,23.83592000
165,G2,0,24,AllGather,ring_exchange,202,201.0,6,2,278528,2549,5,profile-derived-compute/trace-bytes/ring-projection/synthetic-replica-replay,218.88344000,242.60474000,218.89344000,242.72936000,23.83592000
166,G2,0,24,ReduceScatter,ring_exchange,203,202.0,2,6,262144,456737,6,profile-derived-compute/trace-bytes/ring-projection/synthetic-replica-replay,699.36174000,741.62402000,699.37174000,742.65536000,43.28362000
167,G2,0,24,ReduceScatter,ring_exchange,203,202.0,6,2,262144,456737,7,profile-derived-compute/trace-bytes/ring-projection/synthetic-replica-replay,699.36174000,741.62402000,699.37174000,742.65536000,43.28362000
168,G2,1,24,AllReduce,reduce_scatter,204,203.0,2,6,262144,36330,0,profile-derived-compute/trace-bytes/ring-projection/synthetic-replica-replay,777.97402000,832.17712000,777.98402000,832.60934000,54.62532000
169,G2,1,24,AllReduce,reduce_scatter,204,203.0,6,2,262144,36330,1,profile-derived-compute/trace-bytes/ring-projection/synthetic-replica-replay,777.97402000,832.17712000,777.98402000,832.60934000,54.62532000
170,G2,1,24,AllReduce,allgather,205,204.0,2,6,262144,0,2,profile-derived-compute/trace-bytes/ring-projection/synthetic-replica-replay,832.19712000,876.41604000,832.20712000,876.54348000,44.33636000
171,G2,1,24,AllReduce,allgather,205,204.0,6,2,262144,0,3,profile-derived-compute/trace-bytes/ring-projection/synthetic-replica-replay,832.19712000,876.41604000,832.20712000,876.54348000,44.33636000
172,G2,1,24,AllGather,ring_exchange,206,205.0,2,6,278528,2549,4,profile-derived-compute/trace-bytes/ring-projection/synthetic-replica-replay,878.98504000,926.03450000,878.99504000,926.15564000,47.16060000
173,G2,1,24,AllGather,ring_exchange,206,205.0,6,2,278528,2549,5,profile-derived-compute/trace-bytes/ring-projection/synthetic-replica-replay,878.98504000,926.03450000,878.99504000,926.15564000,47.16060000
174,G2,1,24,ReduceScatter,ring_exchange,207,206.0,2,6,262144,456737,6,profile-derived-compute/trace-bytes/ring-projection/synthetic-replica-replay,1382.79150000,1435.73752000,1382.80150000,1435.86496000,53.06346000
175,G2,1,24,ReduceScatter,ring_exchange,207,206.0,6,2,262144,456737,7,profile-derived-compute/trace-bytes/ring-projection/synthetic-replica-replay,1382.79150000,1435.73752000,1382.80150000,1435.86496000,53.06346000
176,G2,2,24,AllReduce,reduce_scatter,208,207.0,2,6,262144,36330,0,profile-derived-compute/trace-bytes/ring-projection/synthetic-replica-replay,1472.08752000,1516.40278000,1472.09752000,1516.52306000,44.42554000
177,G2,2,24,AllReduce,reduce_scatter,208,207.0,6,2,262144,36330,1,profile-derived-compute/trace-bytes/ring-projection/synthetic-replica-replay,1472.08752000,1516.40278000,1472.09752000,1516.52306000,44.42554000
178,G2,2,24,AllReduce,allgather,209,208.0,2,6,262144,0,2,profile-derived-compute/trace-bytes/ring-projection/synthetic-replica-replay,1516.42278000,1560.72088000,1516.43278000,1560.84202000,44.40924000
179,G2,2,24,AllReduce,allgather,209,208.0,6,2,262144,0,3,profile-derived-compute/trace-bytes/ring-projection/synthetic-replica-replay,1516.42278000,1560.72088000,1516.43278000,1560.84202000,44.40924000
180,G2,2,24,AllGather,ring_exchange,210,209.0,2,6,278528,2549,4,profile-derived-compute/trace-bytes/ring-projection/synthetic-replica-replay,1563.28988000,1610.36722000,1563.29988000,1610.49552000,47.19564000
181,G2,2,24,AllGather,ring_exchange,210,209.0,6,2,278528,2549,5,profile-derived-compute/trace-bytes/ring-projection/synthetic-replica-replay,1563.28988000,1610.36722000,1563.29988000,1610.49552000,47.19564000
182,G2,2,24,ReduceScatter,ring_exchange,211,210.0,2,6,262144,456737,6,profile-derived-compute/trace-bytes/ring-projection/synthetic-replica-replay,2067.12422000,2111.44168000,2067.13422000,2111.56282000,44.42860000
183,G2,2,24,ReduceScatter,ring_exchange,211,210.0,6,2,262144,456737,7,profile-derived-compute/trace-bytes/ring-projection/synthetic-replica-replay,2067.12422000,2111.44168000,2067.13422000,2111.56282000,44.42860000
184,G2,3,24,AllReduce,reduce_scatter,212,211.0,2,6,262144,36330,0,profile-derived-compute/trace-bytes/ring-projection/synthetic-replica-replay,2147.79168000,2192.10482000,2147.80168000,2192.22510000,44.42342000
185,G2,3,24,AllReduce,reduce_scatter,212,211.0,6,2,262144,36330,1,profile-derived-compute/trace-bytes/ring-projection/synthetic-replica-replay,2147.79168000,2192.10482000,2147.80168000,2192.22510000,44.42342000
186,G2,3,24,AllReduce,allgather,213,212.0,2,6,262144,0,2,profile-derived-compute/trace-bytes/ring-projection/synthetic-replica-replay,2192.12482000,2236.42292000,2192.13482000,2236.54406000,44.40924000
187,G2,3,24,AllReduce,allgather,213,212.0,6,2,262144,0,3,profile-derived-compute/trace-bytes/ring-projection/synthetic-replica-replay,2192.12482000,2236.42292000,2192.13482000,2236.54406000,44.40924000
188,G2,3,24,AllGather,ring_exchange,214,213.0,2,6,278528,2549,4,profile-derived-compute/trace-bytes/ring-projection/synthetic-replica-replay,2238.99192000,2286.06926000,2239.00192000,2286.19756000,47.19564000
189,G2,3,24,AllGather,ring_exchange,214,213.0,6,2,278528,2549,5,profile-derived-compute/trace-bytes/ring-projection/synthetic-replica-replay,2238.99192000,2286.06926000,2239.00192000,2286.19756000,47.19564000
190,G2,3,24,ReduceScatter,ring_exchange,215,214.0,2,6,262144,456737,6,profile-derived-compute/trace-bytes/ring-projection/synthetic-replica-replay,2742.82626000,2787.14372000,2742.83626000,2787.26486000,44.42860000
191,G2,3,24,ReduceScatter,ring_exchange,215,214.0,6,2,262144,456737,7,profile-derived-compute/trace-bytes/ring-projection/synthetic-replica-replay,2742.82626000,2787.14372000,2742.83626000,2787.26486000,44.42860000
192,G2,4,24,AllReduce,reduce_scatter,216,215.0,2,6,262144,36330,0,profile-derived-compute/trace-bytes/ring-projection/synthetic-replica-replay,2823.49372000,2867.80686000,2823.50372000,2867.92714000,44.42342000
193,G2,4,24,AllReduce,reduce_scatter,216,215.0,6,2,262144,36330,1,profile-derived-compute/trace-bytes/ring-projection/synthetic-replica-replay,2823.49372000,2867.80686000,2823.50372000,2867.92714000,44.42342000
194,G2,4,24,AllReduce,allgather,217,216.0,2,6,262144,0,2,profile-derived-compute/trace-bytes/ring-projection/synthetic-replica-replay,2867.82686000,2912.12496000,2867.83686000,2912.24610000,44.40924000
195,G2,4,24,AllReduce,allgather,217,216.0,6,2,262144,0,3,profile-derived-compute/trace-bytes/ring-projection/synthetic-replica-replay,2867.82686000,2912.12496000,2867.83686000,2912.24610000,44.40924000
196,G2,4,24,AllGather,ring_exchange,218,217.0,2,6,278528,2549,4,profile-derived-compute/trace-bytes/ring-projection/synthetic-replica-replay,2914.69396000,2961.77130000,2914.70396000,2961.89960000,47.19564000
197,G2,4,24,AllGather,ring_exchange,218,217.0,6,2,278528,2549,5,profile-derived-compute/trace-bytes/ring-projection/synthetic-replica-replay,2914.69396000,2961.77130000,2914.70396000,2961.89960000,47.19564000
198,G2,4,24,ReduceScatter,ring_exchange,219,218.0,2,6,262144,456737,6,profile-derived-compute/trace-bytes/ring-projection/synthetic-replica-replay,3418.52830000,3462.84576000,3418.53830000,3462.96690000,44.42860000
199,G2,4,24,ReduceScatter,ring_exchange,219,218.0,6,2,262144,456737,7,profile-derived-compute/trace-bytes/ring-projection/synthetic-replica-replay,3418.52830000,3462.84576000,3418.53830000,3462.96690000,44.42860000
200,G2,5,24,AllReduce,reduce_scatter,220,219.0,2,6,262144,36330,0,profile-derived-compute/trace-bytes/ring-projection/synthetic-replica-replay,3499.19576000,3543.50890000,3499.20576000,3543.62918000,44.42342000
201,G2,5,24,AllReduce,reduce_scatter,220,219.0,6,2,262144,36330,1,profile-derived-compute/trace-bytes/ring-projection/synthetic-replica-replay,3499.19576000,3543.50890000,3499.20576000,3543.62918000,44.42342000
202,G2,5,24,AllReduce,allgather,221,220.0,2,6,262144,0,2,profile-derived-compute/trace-bytes/ring-projection/synthetic-replica-replay,3543.52890000,3587.82700000,3543.53890000,3587.94814000,44.40924000
203,G2,5,24,AllReduce,allgather,221,220.0,6,2,262144,0,3,profile-derived-compute/trace-bytes/ring-projection/synthetic-replica-replay,3543.52890000,3587.82700000,3543.53890000,3587.94814000,44.40924000
204,G2,5,24,AllGather,ring_exchange,222,221.0,2,6,278528,2549,4,profile-derived-compute/trace-bytes/ring-projection/synthetic-replica-replay,3590.39600000,3637.47334000,3590.40600000,3637.60164000,47.19564000
205,G2,5,24,AllGather,ring_exchange,222,221.0,6,2,278528,2549,5,profile-derived-compute/trace-bytes/ring-projection/synthetic-replica-replay,3590.39600000,3637.47334000,3590.40600000,3637.60164000,47.19564000
206,G2,5,24,ReduceScatter,ring_exchange,223,222.0,2,6,262144,456737,6,profile-derived-compute/trace-bytes/ring-projection/synthetic-replica-replay,4094.23034000,4138.54780000,4094.24034000,4138.66894000,44.42860000
207,G2,5,24,ReduceScatter,ring_exchange,223,222.0,6,2,262144,456737,7,profile-derived-compute/trace-bytes/ring-projection/synthetic-replica-replay,4094.23034000,4138.54780000,4094.24034000,4138.66894000,44.42860000
208,G2,6,24,AllReduce,reduce_scatter,224,223.0,2,6,262144,36330,0,profile-derived-compute/trace-bytes/ring-projection/synthetic-replica-replay,4174.89780000,4219.21094000,4174.90780000,4219.33122000,44.42342000
209,G2,6,24,AllReduce,reduce_scatter,224,223.0,6,2,262144,36330,1,profile-derived-compute/trace-bytes/ring-projection/synthetic-replica-replay,4174.89780000,4219.21094000,4174.90780000,4219.33122000,44.42342000
210,G2,6,24,AllReduce,allgather,225,224.0,2,6,262144,0,2,profile-derived-compute/trace-bytes/ring-projection/synthetic-replica-replay,4219.23094000,4263.52904000,4219.24094000,4263.65018000,44.40924000
211,G2,6,24,AllReduce,allgather,225,224.0,6,2,262144,0,3,profile-derived-compute/trace-bytes/ring-projection/synthetic-replica-replay,4219.23094000,4263.52904000,4219.24094000,4263.65018000,44.40924000
212,G2,6,24,AllGather,ring_exchange,226,225.0,2,6,278528,2549,4,profile-derived-compute/trace-bytes/ring-projection/synthetic-replica-replay,4266.09804000,4332.64580000,4266.10804000,4332.76410000,66.65606000
213,G2,6,24,AllGather,ring_exchange,226,225.0,6,2,278528,2549,5,profile-derived-compute/trace-bytes/ring-projection/synthetic-replica-replay,4266.09804000,4332.64580000,4266.10804000,4332.76410000,66.65606000
214,G2,6,24,ReduceScatter,ring_exchange,227,226.0,2,6,262144,456737,6,profile-derived-compute/trace-bytes/ring-projection/synthetic-replica-replay,4789.40280000,4833.71310000,4789.41280000,4833.83424000,44.42144000
215,G2,6,24,ReduceScatter,ring_exchange,227,226.0,6,2,262144,456737,7,profile-derived-compute/trace-bytes/ring-projection/synthetic-replica-replay,4789.40280000,4833.71310000,4789.41280000,4833.83424000,44.42144000
216,G2,7,24,AllReduce,reduce_scatter,228,227.0,2,6,262144,36330,0,profile-derived-compute/trace-bytes/ring-projection/synthetic-replica-replay,4870.06310000,4935.81116000,4870.07310000,4935.92946000,65.85636000
217,G2,7,24,AllReduce,reduce_scatter,228,227.0,6,2,262144,36330,1,profile-derived-compute/trace-bytes/ring-projection/synthetic-replica-replay,4870.06310000,4935.81116000,4870.07310000,4935.92946000,65.85636000
218,G2,7,24,AllReduce,allgather,229,228.0,2,6,262144,0,2,profile-derived-compute/trace-bytes/ring-projection/synthetic-replica-replay,4935.83116000,4980.46984000,4935.84116000,4980.59012000,44.74896000
219,G2,7,24,AllReduce,allgather,229,228.0,6,2,262144,0,3,profile-derived-compute/trace-bytes/ring-projection/synthetic-replica-replay,4935.83116000,4980.46984000,4935.84116000,4980.59012000,44.74896000
220,G2,7,24,AllGather,ring_exchange,230,229.0,2,6,278528,2549,4,profile-derived-compute/trace-bytes/ring-projection/synthetic-replica-replay,4983.03884000,5052.08674000,4983.04884000,5052.22504000,69.17620000
221,G2,7,24,AllGather,ring_exchange,230,229.0,6,2,278528,2549,5,profile-derived-compute/trace-bytes/ring-projection/synthetic-replica-replay,4983.03884000,5052.08674000,4983.04884000,5052.22504000,69.17620000
222,G2,7,24,ReduceScatter,ring_exchange,231,230.0,2,6,262144,456737,6,profile-derived-compute/trace-bytes/ring-projection/synthetic-replica-replay,5508.84374000,5553.16404000,5508.85374000,5553.28432000,44.43058000
223,G2,7,24,ReduceScatter,ring_exchange,231,230.0,6,2,262144,456737,7,profile-derived-compute/trace-bytes/ring-projection/synthetic-replica-replay,5508.84374000,5553.16404000,5508.85374000,5553.28432000,44.43058000
224,G2,8,24,AllReduce,reduce_scatter,232,231.0,2,6,262144,36330,0,profile-derived-compute/trace-bytes/ring-projection/synthetic-replica-replay,5589.51404000,5655.23522000,5589.52404000,5655.35352000,65.82948000
225,G2,8,24,AllReduce,reduce_scatter,232,231.0,6,2,262144,36330,1,profile-derived-compute/trace-bytes/ring-projection/synthetic-replica-replay,5589.51404000,5655.23522000,5589.52404000,5655.35352000,65.82948000
226,G2,8,24,AllReduce,allgather,233,232.0,2,6,262144,0,2,profile-derived-compute/trace-bytes/ring-projection/synthetic-replica-replay,5655.25522000,5721.44282000,5655.26522000,5721.56112000,66.29590000
227,G2,8,24,AllReduce,allgather,233,232.0,6,2,262144,0,3,profile-derived-compute/trace-bytes/ring-projection/synthetic-replica-replay,5655.25522000,5721.44282000,5655.26522000,5721.56112000,66.29590000
228,G2,8,24,AllGather,ring_exchange,234,233.0,2,6,278528,2549,4,profile-derived-compute/trace-bytes/ring-projection/synthetic-replica-replay,5724.01182000,5794.50760000,5724.02182000,5794.64590000,70.62408000
229,G2,8,24,AllGather,ring_exchange,234,233.0,6,2,278528,2549,5,profile-derived-compute/trace-bytes/ring-projection/synthetic-replica-replay,5724.01182000,5794.50760000,5724.02182000,5794.64590000,70.62408000
230,G2,8,24,ReduceScatter,ring_exchange,235,234.0,2,6,262144,456737,6,profile-derived-compute/trace-bytes/ring-projection/synthetic-replica-replay,6251.26460000,6317.63358000,6251.27460000,6317.75188000,66.47728000
231,G2,8,24,ReduceScatter,ring_exchange,235,234.0,6,2,262144,456737,7,profile-derived-compute/trace-bytes/ring-projection/synthetic-replica-replay,6251.26460000,6317.63358000,6251.27460000,6317.75188000,66.47728000
232,G2,9,24,AllReduce,reduce_scatter,236,235.0,2,6,262144,36330,0,profile-derived-compute/trace-bytes/ring-projection/synthetic-replica-replay,6353.98358000,6398.28884000,6353.99358000,6398.40998000,44.41640000
233,G2,9,24,AllReduce,reduce_scatter,236,235.0,6,2,262144,36330,1,profile-derived-compute/trace-bytes/ring-projection/synthetic-replica-replay,6353.98358000,6398.28884000,6353.99358000,6398.40998000,44.41640000
234,G2,9,24,AllReduce,allgather,237,236.0,2,6,262144,0,2,profile-derived-compute/trace-bytes/ring-projection/synthetic-replica-replay,6398.30884000,6442.62198000,6398.31884000,6442.74226000,44.42342000
235,G2,9,24,AllReduce,allgather,237,236.0,6,2,262144,0,3,profile-derived-compute/trace-bytes/ring-projection/synthetic-replica-replay,6398.30884000,6442.62198000,6398.31884000,6442.74226000,44.42342000
236,G2,9,24,AllGather,ring_exchange,238,237.0,2,6,278528,2549,4,profile-derived-compute/trace-bytes/ring-projection/synthetic-replica-replay,6445.19098000,6492.26328000,6445.20098000,6492.39158000,47.19060000
237,G2,9,24,AllGather,ring_exchange,238,237.0,6,2,278528,2549,5,profile-derived-compute/trace-bytes/ring-projection/synthetic-replica-replay,6445.19098000,6492.26328000,6445.20098000,6492.39158000,47.19060000
238,G2,9,24,ReduceScatter,ring_exchange,239,238.0,2,6,262144,456737,6,profile-derived-compute/trace-bytes/ring-projection/synthetic-replica-replay,6949.02028000,6993.33270000,6949.03028000,6993.45384000,44.42356000
239,G2,9,24,ReduceScatter,ring_exchange,239,238.0,6,2,262144,456737,7,profile-derived-compute/trace-bytes/ring-projection/synthetic-replica-replay,6949.02028000,6993.33270000,6949.03028000,6993.45384000,44.42356000
