taskId,sourceNode,destNode,dataSize(Byte),opType,priority,delay,phaseId,dependOnPhases,taskStartTime(us),taskCompletesTime(us),firstPacketSends(us),lastPacketACKs(us),taskThroughput(Gbps)
0,0,4,262144,URMA_WRITE,7,36330ns,0,,36.33,47.91754,36.34,48.03968,180.9834
1,4,0,262144,URMA_WRITE,7,36330ns,0,,36.33,47.91754,36.34,48.03968,180.9834
2,0,4,262144,URMA_WRITE,7,0ns,1,0,47.93754,59.52226,47.94472,59.6444,181.0274
3,4,0,262144,URMA_WRITE,7,0ns,1,0,47.93754,59.52226,47.94472,59.6444,181.0274
4,0,4,278528,URMA_WRITE,7,2549ns,2,1,62.09126,74.39824,62.10126,74.51286,181.0537
5,4,0,278528,URMA_WRITE,7,2549ns,2,1,62.09126,74.39824,62.10126,74.51286,181.0537
6,0,4,262144,URMA_WRITE,7,456737ns,3,2,531.15524,554.25234,531.16524,554.52648,90.7972
7,4,0,262144,URMA_WRITE,7,456737ns,3,2,531.15524,554.48682,531.16524,554.60896,89.8847
8,0,4,262144,URMA_WRITE,7,36330ns,4,3,590.83682,602.42596,590.84682,602.5481,180.9584
9,4,0,262144,URMA_WRITE,7,36330ns,4,3,590.83682,602.40932,590.84682,602.53146,181.2186
10,0,4,262144,URMA_WRITE,7,0ns,5,4,602.44596,625.1522,602.45314,625.27098,92.3602
11,4,0,262144,URMA_WRITE,7,0ns,5,4,602.44596,625.132,602.4465,625.25434,92.4424
12,0,4,278528,URMA_WRITE,7,2549ns,6,5,627.7212,640.03658,627.7312,640.15872,180.9302
13,4,0,278528,URMA_WRITE,7,2549ns,6,5,627.7212,640.0541,627.7312,640.17624,180.6732
14,0,4,262144,URMA_WRITE,7,456737ns,7,6,1096.8111,1108.44658,1096.8211,1108.57154,180.2377
15,4,0,262144,URMA_WRITE,7,456737ns,7,6,1096.8111,1108.43906,1096.8211,1108.56402,180.3542
16,0,4,262144,URMA_WRITE,7,36330ns,8,7,1144.79658,1156.38412,1144.80658,1156.50626,180.9834
17,4,0,262144,URMA_WRITE,7,36330ns,8,7,1144.79658,1156.38412,1144.80658,1156.50626,180.9834
18,0,4,262144,URMA_WRITE,7,0ns,9,8,1156.40412,1171.40568,1156.4113,1171.77086,139.7956
19,4,0,262144,URMA_WRITE,7,0ns,9,8,1156.40412,1171.41232,1156.4113,1171.93118,139.7337
20,0,4,278528,URMA_WRITE,7,2549ns,10,9,1173.98132,1191.2341,1173.99132,1191.3559,129.1516
21,4,0,278528,URMA_WRITE,7,2549ns,10,9,1173.98132,1191.23302,1173.99132,1191.35482,129.1597
22,0,4,262144,URMA_WRITE,7,456737ns,11,10,1647.9911,1659.64162,1648.0011,1659.76658,180.005
23,4,0,262144,URMA_WRITE,7,456737ns,11,10,1647.9911,1659.64162,1648.0011,1659.76658,180.005
24,0,4,262144,URMA_WRITE,7,36330ns,12,11,1695.99162,1717.19644,1696.00162,1724.27398,98.8998
25,4,0,262144,URMA_WRITE,7,36330ns,12,11,1695.99162,1723.75164,1696.00162,1723.8766,75.5458
26,0,4,262144,URMA_WRITE,7,0ns,13,12,1723.77164,1754.79624,1723.78164,1763.94078,67.5964
27,4,0,262144,URMA_WRITE,7,0ns,13,12,1723.77164,1763.22336,1723.78164,1763.34832,53.1574
28,0,4,278528,URMA_WRITE,7,2549ns,14,13,1765.79236,1790.39796,1765.80236,1798.16214,90.5576
29,4,0,278528,URMA_WRITE,7,2549ns,14,13,1765.79236,1797.30024,1765.80236,1797.4252,70.7196
30,0,4,262144,URMA_WRITE,7,456737ns,15,14,2254.05724,2265.6852,2254.06724,2265.807,180.3542
31,4,0,262144,URMA_WRITE,7,456737ns,15,14,2254.05724,2265.6852,2254.06724,2265.807,180.3542
32,0,4,262144,URMA_WRITE,7,36330ns,16,15,2302.0352,2319.50866,2302.0452,2320.04504,120.0193
33,4,0,262144,URMA_WRITE,7,36330ns,16,15,2302.0352,2319.51022,2302.0452,2320.03664,120.0086
34,0,4,262144,URMA_WRITE,7,0ns,17,16,2319.53022,2336.03258,2319.53866,2336.15596,127.0819
35,4,0,262144,URMA_WRITE,7,0ns,17,16,2319.53022,2336.03258,2319.54022,2336.15596,127.0819
36,0,4,278528,URMA_WRITE,7,2549ns,18,17,2338.60158,2350.90944,2338.61158,2351.03158,181.0407
37,4,0,278528,URMA_WRITE,7,2549ns,18,17,2338.60158,2350.9173,2338.61158,2351.0391,180.9252
38,0,4,262144,URMA_WRITE,7,456737ns,19,18,2807.6743,2819.31226,2807.6843,2819.43406,180.1993
39,4,0,262144,URMA_WRITE,7,456737ns,19,18,2807.6743,2819.29474,2807.6843,2819.41654,180.471
40,0,4,262144,URMA_WRITE,7,36330ns,20,19,2855.66226,2867.2498,2855.67226,2867.37194,180.9834
41,4,0,262144,URMA_WRITE,7,36330ns,20,19,2855.66226,2867.2498,2855.67226,2867.37194,180.9834
42,0,4,262144,URMA_WRITE,7,0ns,21,20,2867.2698,2883.58328,2867.27698,2883.95598,128.5533
43,4,0,262144,URMA_WRITE,7,0ns,21,20,2867.2698,2883.42048,2867.27698,2883.95934,129.8491
44,0,4,278528,URMA_WRITE,7,2549ns,22,21,2886.15228,2902.79624,2886.16228,2912.96814,133.8758
45,4,0,278528,URMA_WRITE,7,2549ns,22,21,2886.15228,2912.27636,2886.16228,2912.40132,85.2939
46,0,4,262144,URMA_WRITE,7,456737ns,23,22,3369.03336,3380.65132,3369.04336,3386.95576,180.5095
47,4,0,262144,URMA_WRITE,7,456737ns,23,22,3369.03336,3386.76982,3369.04336,3386.89478,118.2396
48,0,4,262144,URMA_WRITE,7,36330ns,24,23,3423.11982,3434.70736,3423.12982,3434.8295,180.9834
49,4,0,262144,URMA_WRITE,7,36330ns,24,23,3423.11982,3434.70736,3423.12982,3434.8295,180.9834
50,0,4,262144,URMA_WRITE,7,0ns,25,24,3434.72736,3446.31208,3434.73454,3446.43422,181.0274
51,4,0,262144,URMA_WRITE,7,0ns,25,24,3434.72736,3446.31208,3434.73454,3446.43422,181.0274
52,0,4,278528,URMA_WRITE,7,2549ns,26,25,3448.88108,3472.4445,3448.89108,3472.56504,94.5628
53,4,0,278528,URMA_WRITE,7,2549ns,26,25,3448.88108,3472.44606,3448.89108,3472.56348,94.5566
54,0,4,262144,URMA_WRITE,7,456737ns,27,26,3929.20306,3940.8251,3929.21306,3940.9469,180.4461
55,4,0,262144,URMA_WRITE,7,456737ns,27,26,3929.20306,3940.83102,3929.21306,3940.95282,180.3542
56,0,4,262144,URMA_WRITE,7,36330ns,28,27,3977.18102,3988.76856,3977.19102,3988.8907,180.9834
57,4,0,262144,URMA_WRITE,7,36330ns,28,27,3977.18102,3988.76856,3977.19102,3988.8907,180.9834
58,0,4,262144,URMA_WRITE,7,0ns,29,28,3988.78856,4000.36576,3988.79574,4000.4879,181.145
59,4,0,262144,URMA_WRITE,7,0ns,29,28,3988.78856,4000.3724,3988.79574,4000.49454,181.0412
60,0,4,278528,URMA_WRITE,7,2549ns,30,29,4002.9414,4026.56254,4002.9514,4026.6838,94.3318
61,4,0,278528,URMA_WRITE,7,2549ns,30,29,4002.9414,4026.56166,4002.9514,4026.68468,94.3353
62,0,4,262144,URMA_WRITE,7,456737ns,31,30,4483.31954,4494.9475,4483.32954,4495.0693,180.3542
63,4,0,262144,URMA_WRITE,7,456737ns,31,30,4483.31954,4494.9475,4483.32954,4495.0693,180.3542
64,0,4,262144,URMA_WRITE,7,36330ns,32,31,4531.2975,4554.23954,4531.3075,4554.51144,91.4109
65,4,0,262144,URMA_WRITE,7,36330ns,32,31,4531.2975,4554.47178,4531.3075,4554.59392,90.4948
66,0,4,262144,URMA_WRITE,7,0ns,33,32,4554.49178,4566.07146,4554.50178,4566.1936,181.1062
67,4,0,262144,URMA_WRITE,7,0ns,33,32,4554.49178,4566.09382,4554.49896,4566.21562,180.7572
68,0,4,278528,URMA_WRITE,7,2549ns,34,33,4568.66282,4580.99572,4568.67282,4581.11786,180.6732
69,4,0,278528,URMA_WRITE,7,2549ns,34,33,4568.66282,4580.9782,4568.67282,4581.10034,180.9302
70,0,4,262144,URMA_WRITE,7,456737ns,35,34,5037.75272,5049.38068,5037.76272,5049.50248,180.3542
71,4,0,262144,URMA_WRITE,7,456737ns,35,34,5037.75272,5049.39572,5037.76272,5049.51752,180.1213
72,0,4,262144,URMA_WRITE,7,36330ns,36,35,5085.74572,5097.34326,5085.75572,5097.4654,180.8273
73,4,0,262144,URMA_WRITE,7,36330ns,36,35,5085.74572,5097.32574,5085.75572,5097.44788,181.1009
74,0,4,262144,URMA_WRITE,7,0ns,37,36,5097.36326,5108.93522,5097.37044,5109.05702,181.227
75,4,0,262144,URMA_WRITE,7,0ns,37,36,5097.36326,5108.94294,5097.37326,5109.06508,181.1062
76,0,4,278528,URMA_WRITE,7,2549ns,38,37,5111.51194,5123.82732,5111.52194,5123.94946,180.9302
77,4,0,278528,URMA_WRITE,7,2549ns,38,37,5111.51194,5123.84484,5111.52194,5123.96698,180.6732
78,0,4,262144,URMA_WRITE,7,456737ns,39,38,5580.60184,5592.2298,5580.61184,5592.35476,180.3542
79,4,0,262144,URMA_WRITE,7,456737ns,39,38,5580.60184,5592.23732,5580.61184,5592.35912,180.2377
80,1,5,262144,URMA_WRITE,7,76330ns,100,,76.33,87.92002,76.34,88.04216,180.9446
81,5,1,262144,URMA_WRITE,7,76330ns,100,,76.33,87.92002,76.34,88.04216,180.9446
82,1,5,262144,URMA_WRITE,7,0ns,101,100,87.94002,99.52474,87.9472,99.64688,181.0274
83,5,1,262144,URMA_WRITE,7,0ns,101,100,87.94002,99.52474,87.9472,99.64688,181.0274
84,1,5,278528,URMA_WRITE,7,2549ns,102,101,102.09374,136.45466,102.10374,148.4846,64.8476
85,5,1,278528,URMA_WRITE,7,2549ns,102,101,102.09374,147.56586,102.10374,147.69082,49.002
86,1,5,262144,URMA_WRITE,7,456737ns,103,102,604.32286,625.34444,604.33286,625.46906,99.7619
87,5,1,262144,URMA_WRITE,7,456737ns,103,102,604.32286,625.34232,604.33286,625.46694,99.7719
88,1,5,262144,URMA_WRITE,7,36330ns,104,103,661.69444,680.88006,661.70444,681.257,109.3085
89,5,1,262144,URMA_WRITE,7,36330ns,104,103,661.69444,680.71466,661.70444,681.58252,110.2591
90,1,5,262144,URMA_WRITE,7,0ns,105,104,680.90006,695.7569,680.91006,695.87904,141.1573
91,5,1,262144,URMA_WRITE,7,0ns,105,104,680.90006,695.76966,680.9006,695.8918,141.0362
92,1,5,278528,URMA_WRITE,7,2549ns,106,105,698.33866,710.65404,698.34866,710.77618,180.9302
93,5,1,278528,URMA_WRITE,7,2549ns,106,105,698.33866,710.67156,698.34866,710.7937,180.6732
94,1,5,262144,URMA_WRITE,7,456737ns,107,106,1167.42856,1189.73928,1167.43856,1190.26122,93.9975
95,5,1,262144,URMA_WRITE,7,456737ns,107,106,1167.42856,1189.74572,1167.43856,1190.25478,93.9704
96,1,5,262144,URMA_WRITE,7,36330ns,108,107,1226.09572,1248.30692,1226.10572,1248.43188,94.4187
97,5,1,262144,URMA_WRITE,7,36330ns,108,107,1226.09572,1248.29568,1226.10572,1248.42064,94.4665
98,1,5,262144,URMA_WRITE,7,0ns,109,108,1248.32692,1259.91322,1248.33692,1260.03536,181.0027
99,5,1,262144,URMA_WRITE,7,0ns,109,108,1248.32692,1259.93198,1248.33568,1260.05412,180.7101
100,1,5,278528,URMA_WRITE,7,2549ns,110,109,1262.50098,1274.80884,1262.51098,1274.93098,181.0407
101,5,1,278528,URMA_WRITE,7,2549ns,110,109,1262.50098,1274.83892,1262.51098,1274.96106,180.5994
102,1,5,262144,URMA_WRITE,7,456737ns,111,110,1731.59592,1758.5968,1731.60592,1770.00482,77.6698
103,5,1,262144,URMA_WRITE,7,456737ns,111,110,1731.59592,1769.30304,1731.60592,1769.65316,55.6169
104,1,5,262144,URMA_WRITE,7,36330ns,112,111,1805.65304,1817.27588,1805.66304,1817.48422,180.4337
105,5,1,262144,URMA_WRITE,7,36330ns,112,111,1805.65304,1817.45456,1805.66304,1817.5767,177.7019
106,1,5,262144,URMA_WRITE,7,0ns,113,112,1817.47456,1840.31008,1817.48456,1840.42504,91.8373
107,5,1,262144,URMA_WRITE,7,0ns,113,112,1817.47456,1840.3129,1817.48174,1840.43222,91.8259
108,1,5,278528,URMA_WRITE,7,2549ns,114,113,1842.8819,1855.19728,1842.8919,1855.31942,180.9302
109,5,1,278528,URMA_WRITE,7,2549ns,114,113,1842.8819,1855.19224,1842.8919,1855.3119,181.0043
110,1,5,262144,URMA_WRITE,7,456737ns,115,114,2311.95428,2335.48226,2311.96428,2335.60124,89.1344
111,5,1,262144,URMA_WRITE,7,456737ns,115,114,2311.95428,2335.48226,2311.96428,2335.60124,89.1344
112,1,5,262144,URMA_WRITE,7,36330ns,116,115,2371.83226,2394.61084,2371.84226,2394.7358,92.0668
113,5,1,262144,URMA_WRITE,7,36330ns,116,115,2371.83226,2394.60996,2371.84226,2394.72604,92.0704
114,1,5,262144,URMA_WRITE,7,0ns,117,116,2394.63084,2406.20246,2394.64084,2406.3246,181.2324
115,5,1,262144,URMA_WRITE,7,0ns,117,116,2394.63084,2406.2259,2394.63996,2406.34804,180.866
116,1,5,278528,URMA_WRITE,7,2549ns,118,117,2408.7949,2421.10276,2408.8049,2421.2249,181.0407
117,5,1,278528,URMA_WRITE,7,2549ns,118,117,2408.7949,2421.13284,2408.8049,2421.25498,180.5994
118,1,5,262144,URMA_WRITE,7,456737ns,119,118,2877.88984,2899.15208,2877.89984,2899.55342,98.6327
119,5,1,262144,URMA_WRITE,7,456737ns,119,118,2877.88984,2899.18736,2877.89984,2899.69442,98.4693
120,1,5,262144,URMA_WRITE,7,36330ns,120,119,2935.53736,2966.85748,2935.54736,2967.3003,66.9586
121,5,1,262144,URMA_WRITE,7,36330ns,120,119,2935.53736,2967.26064,2935.54736,2967.36714,66.1077
122,1,5,262144,URMA_WRITE,7,0ns,121,120,2967.28064,2978.86818,2967.29064,2978.99032,180.9834
123,5,1,262144,URMA_WRITE,7,0ns,121,120,2967.28064,2978.86066,2967.29064,2978.9828,181.1009
124,1,5,278528,URMA_WRITE,7,2549ns,122,121,2981.43718,2993.75168,2981.44718,2993.87382,180.9431
125,5,1,278528,URMA_WRITE,7,2549ns,122,121,2981.43718,2993.74504,2981.44718,2993.8663,181.0407
126,1,5,262144,URMA_WRITE,7,456737ns,123,122,3450.50868,3472.54482,3450.51868,3472.66978,95.1688
127,5,1,262144,URMA_WRITE,7,456737ns,123,122,3450.50868,3472.54638,3450.51868,3472.67134,95.162
128,1,5,262144,URMA_WRITE,7,36330ns,124,123,3508.89638,3521.01342,3508.90638,3521.13522,173.0746
129,5,1,262144,URMA_WRITE,7,36330ns,124,123,3508.89638,3521.01206,3508.90638,3521.13386,173.094
130,1,5,262144,URMA_WRITE,7,0ns,125,124,3521.03342,3532.61174,3521.04026,3532.73354,181.1275
131,5,1,262144,URMA_WRITE,7,0ns,125,124,3521.03342,3532.64036,3521.0389,3532.7625,180.6809
132,1,5,278528,URMA_WRITE,7,2549ns,126,125,3535.20936,3547.52474,3535.21936,3547.64688,180.9302
133,5,1,278528,URMA_WRITE,7,2549ns,126,125,3535.20936,3547.54226,3535.21936,3547.6644,180.6732
134,1,5,262144,URMA_WRITE,7,456737ns,127,126,4004.29926,4026.5857,4004.30926,4026.7038,94.0999
135,5,1,262144,URMA_WRITE,7,456737ns,127,126,4004.29926,4026.58482,4004.30926,4026.70468,94.1036
136,1,5,262144,URMA_WRITE,7,36330ns,128,127,4062.9357,4074.52324,4062.9457,4074.64538,180.9834
137,5,1,262144,URMA_WRITE,7,36330ns,128,127,4062.9357,4074.52236,4062.9457,4074.6445,180.9971
138,1,5,262144,URMA_WRITE,7,0ns,129,128,4074.54324,4086.12708,4074.55042,4086.24922,181.0412
139,5,1,262144,URMA_WRITE,7,0ns,129,128,4074.54324,4086.153,4074.54954,4086.27514,180.637
140,1,5,278528,URMA_WRITE,7,2549ns,130,129,4088.722,4113.54882,4088.732,4125.07088,89.7507
141,5,1,278528,URMA_WRITE,7,2549ns,130,129,4088.722,4124.17402,4088.732,4124.29898,62.8518
142,1,5,262144,URMA_WRITE,7,456737ns,131,130,4580.93102,4592.5665,4580.94102,4592.69146,180.2377
143,5,1,262144,URMA_WRITE,7,456737ns,131,130,4580.93102,4592.57366,4580.94102,4592.69546,180.1268
144,1,5,262144,URMA_WRITE,7,36330ns,132,131,4628.92366,4651.01352,4628.93366,4651.21918,94.9373
145,5,1,262144,URMA_WRITE,7,36330ns,132,131,4628.92366,4650.99324,4628.93366,4651.22824,95.0246
146,1,5,262144,URMA_WRITE,7,0ns,133,132,4651.03352,4663.02178,4651.04352,4663.14358,174.9338
147,5,1,262144,URMA_WRITE,7,0ns,133,132,4651.03352,4663.01416,4651.04352,4663.1363,175.0451
148,1,5,278528,URMA_WRITE,7,2549ns,134,133,4665.59078,4677.89864,4665.60078,4678.0199,181.0407
149,5,1,278528,URMA_WRITE,7,2549ns,134,133,4665.59078,4677.90528,4665.60078,4678.02742,180.9431
150,1,5,262144,URMA_WRITE,7,456737ns,135,134,5134.66228,5146.29024,5134.67228,5146.4152,180.3542
151,5,1,262144,URMA_WRITE,7,456737ns,135,134,5134.66228,5146.30528,5134.67228,5146.42708,180.1213
152,1,5,262144,URMA_WRITE,7,36330ns,136,135,5182.65528,5204.90022,5182.66528,5205.02424,94.2755
153,5,1,262144,URMA_WRITE,7,36330ns,136,135,5182.65528,5204.90526,5182.66528,5205.02236,94.2541
154,1,5,262144,URMA_WRITE,7,0ns,137,136,5204.92526,5216.80852,5204.93022,5216.93032,176.4795
155,5,1,262144,URMA_WRITE,7,0ns,137,136,5204.92526,5216.82288,5204.93526,5216.94468,176.2665
156,1,5,278528,URMA_WRITE,7,2549ns,138,137,5219.39188,5231.70726,5219.40188,5231.8294,180.9302
157,5,1,278528,URMA_WRITE,7,2549ns,138,137,5219.39188,5231.71478,5219.40188,5231.83692,180.8198
158,1,5,262144,URMA_WRITE,7,456737ns,139,138,5688.47178,5700.09974,5688.48178,5700.37416,180.3542
159,5,1,262144,URMA_WRITE,7,456737ns,139,138,5688.47178,5700.1139,5688.48178,5700.2357,180.1349
160,2,6,262144,URMA_WRITE,7,116330ns,200,,116.33,147.98686,116.34,155.23948,66.2464
161,6,2,262144,URMA_WRITE,7,116330ns,200,,116.33,154.5477,116.34,154.67266,54.8738
162,2,6,262144,URMA_WRITE,7,0ns,201,200,154.5677,177.50726,154.5777,177.7814,91.4208
163,6,2,262144,URMA_WRITE,7,0ns,201,200,154.5677,177.74174,154.5777,177.86388,90.4957
164,2,6,278528,URMA_WRITE,7,2549ns,202,201,180.31074,208.75642,180.32074,213.63164,78.3326
165,6,2,278528,URMA_WRITE,7,2549ns,202,201,180.31074,213.58198,180.32074,213.70694,66.9715
166,2,6,262144,URMA_WRITE,7,456737ns,203,202,670.33898,693.9385,670.34898,694.65372,88.8642
167,6,2,262144,URMA_WRITE,7,456737ns,203,202,670.33898,694.11822,670.34898,694.474,88.1926
168,2,6,262144,URMA_WRITE,7,36330ns,204,203,730.46822,742.05824,730.47822,742.18038,180.9446
169,6,2,262144,URMA_WRITE,7,36330ns,204,203,730.46822,742.04072,730.47822,742.16286,181.2186
170,2,6,262144,URMA_WRITE,7,0ns,205,204,742.07824,753.68116,742.08542,753.80296,180.7435
171,6,2,262144,URMA_WRITE,7,0ns,205,204,742.07824,753.66544,742.08824,753.78758,180.9887
172,2,6,278528,URMA_WRITE,7,2549ns,206,205,756.25016,768.55802,756.26016,768.68016,181.0407
173,6,2,278528,URMA_WRITE,7,2549ns,206,205,756.25016,768.5881,756.26016,768.71024,180.5994
174,2,6,262144,URMA_WRITE,7,456737ns,207,206,1225.3451,1248.1866,1225.3551,1248.30558,91.8132
175,6,2,262144,URMA_WRITE,7,456737ns,207,206,1225.3451,1248.18344,1225.3551,1248.30558,91.8259
176,2,6,262144,URMA_WRITE,7,36330ns,208,207,1284.5366,1296.13166,1284.5466,1296.2538,180.866
177,6,2,262144,URMA_WRITE,7,36330ns,208,207,1284.5366,1296.11662,1284.5466,1296.23876,181.1009
178,2,6,262144,URMA_WRITE,7,0ns,209,208,1296.15166,1317.70598,1296.15884,1324.6004,97.2961
179,6,2,262144,URMA_WRITE,7,0ns,209,208,1296.15166,1324.0849,1296.1538,1324.20986,75.0773
180,2,6,278528,URMA_WRITE,7,2549ns,210,209,1326.6539,1354.55946,1326.6639,1362.32116,79.8487
181,6,2,278528,URMA_WRITE,7,2549ns,210,209,1326.6539,1361.6187,1326.6639,1361.74366,63.7276
182,2,6,262144,URMA_WRITE,7,456737ns,211,210,1818.3757,1840.41324,1818.3857,1840.5382,95.1627
183,6,2,262144,URMA_WRITE,7,456737ns,211,210,1818.3757,1840.42606,1818.3857,1840.55102,95.1074
184,2,6,262144,URMA_WRITE,7,36330ns,212,211,1876.77606,1888.35016,1876.78606,1888.4723,181.1935
185,6,2,262144,URMA_WRITE,7,36330ns,212,211,1876.77606,1888.37864,1876.78606,1888.50078,180.7488
186,2,6,262144,URMA_WRITE,7,0ns,213,212,1888.39864,1899.98584,1888.40864,1900.10798,180.9887
187,6,2,262144,URMA_WRITE,7,0ns,213,212,1888.39864,1900.00156,1888.40582,1900.12336,180.7435
188,2,6,278528,URMA_WRITE,7,2549ns,214,213,1902.57056,1914.87842,1902.58056,1914.99968,181.0407
189,6,2,278528,URMA_WRITE,7,2549ns,214,213,1902.57056,1914.88506,1902.58056,1915.0072,180.9431
190,2,6,262144,URMA_WRITE,7,456737ns,215,214,2371.64206,2394.5386,2371.65206,2394.66356,91.5925
191,6,2,262144,URMA_WRITE,7,456737ns,215,214,2371.64206,2394.53772,2371.65206,2394.66268,91.596
192,2,6,262144,URMA_WRITE,7,36330ns,216,215,2430.8886,2442.46862,2430.8986,2442.59076,181.1009
193,6,2,262144,URMA_WRITE,7,36330ns,216,215,2430.8886,2442.46862,2430.8986,2442.59076,181.1009
194,2,6,262144,URMA_WRITE,7,0ns,217,216,2442.48862,2454.0683,2442.4958,2454.19044,181.1062
195,6,2,262144,URMA_WRITE,7,0ns,217,216,2442.48862,2454.0599,2442.4958,2454.18204,181.2377
196,2,6,278528,URMA_WRITE,7,2549ns,218,217,2456.6373,2468.94516,2456.6473,2469.0673,181.0407
197,6,2,278528,URMA_WRITE,7,2549ns,218,217,2456.6373,2468.97524,2456.6473,2469.09738,180.5994
198,2,6,262144,URMA_WRITE,7,456737ns,219,218,2925.73224,2960.50616,2925.74224,2966.96714,60.3082
199,6,2,262144,URMA_WRITE,7,456737ns,219,218,2925.73224,2966.88748,2925.74224,2967.00714,50.9571
200,2,6,262144,URMA_WRITE,7,36330ns,220,219,3003.23748,3014.8275,3003.24748,3014.94964,180.9446
201,6,2,262144,URMA_WRITE,7,36330ns,220,219,3003.23748,3014.8091,3003.24748,3014.93124,181.2324
202,2,6,262144,URMA_WRITE,7,0ns,221,220,3014.8475,3026.46512,3014.85468,3026.58726,180.5148
203,6,2,262144,URMA_WRITE,7,0ns,221,220,3014.8475,3026.44222,3014.8575,3026.56436,180.8713
204,2,6,278528,URMA_WRITE,7,2549ns,222,221,3029.03412,3041.34198,3029.04412,3041.46412,181.0407
205,6,2,278528,URMA_WRITE,7,2549ns,222,221,3029.03412,3041.37206,3029.04412,3041.4942,180.5994
206,2,6,262144,URMA_WRITE,7,456737ns,223,222,3498.12906,3514.48296,3498.13906,3514.8545,128.2356
207,6,2,262144,URMA_WRITE,7,456737ns,223,222,3498.12906,3514.309,3498.13906,3514.86834,129.6143
208,2,6,262144,URMA_WRITE,7,36330ns,224,223,3550.83296,3562.4205,3550.84296,3562.54264,180.9834
209,6,2,262144,URMA_WRITE,7,36330ns,224,223,3550.83296,3562.4205,3550.84296,3562.54264,180.9834
210,2,6,262144,URMA_WRITE,7,0ns,225,224,3562.4405,3574.02522,3562.44768,3574.14736,181.0274
211,6,2,262144,URMA_WRITE,7,0ns,225,224,3562.4405,3574.02522,3562.44768,3574.14736,181.0274
212,2,6,278528,URMA_WRITE,7,2549ns,226,225,3576.59422,3588.90402,3576.60422,3589.02422,181.0122
213,6,2,278528,URMA_WRITE,7,2549ns,226,225,3576.59422,3588.9096,3576.60422,3589.03174,180.9302
214,2,6,262144,URMA_WRITE,7,456737ns,227,226,4045.6666,4057.29456,4045.6766,4057.41952,180.3542
215,6,2,262144,URMA_WRITE,7,456737ns,227,226,4045.6666,4057.30208,4045.6766,4057.42388,180.2377
216,2,6,262144,URMA_WRITE,7,36330ns,228,227,4093.65208,4120.80354,4093.66208,4130.29004,77.239
217,6,2,262144,URMA_WRITE,7,36330ns,228,227,4093.65208,4129.77454,4093.66208,4129.8995,58.0567
218,2,6,262144,URMA_WRITE,7,0ns,229,228,4129.79454,4150.50366,4129.80454,4157.57504,101.2671
219,6,2,262144,URMA_WRITE,7,0ns,229,228,4129.79454,4156.88258,4129.80454,4157.00754,77.4199
220,2,6,278528,URMA_WRITE,7,2549ns,230,229,4159.45158,4178.01346,4159.46158,4178.31536,120.043
221,6,2,278528,URMA_WRITE,7,2549ns,230,229,4159.45158,4178.2657,4159.46158,4178.38784,118.4336
222,2,6,262144,URMA_WRITE,7,456737ns,231,230,4635.0227,4657.39048,4635.0327,4657.73174,93.7577
223,6,2,262144,URMA_WRITE,7,456737ns,231,230,4635.0227,4657.3632,4635.0327,4657.74654,93.8722
224,2,6,262144,URMA_WRITE,7,36330ns,232,231,4693.74048,4705.31298,4693.75048,4705.43512,181.2186
225,6,2,262144,URMA_WRITE,7,36330ns,232,231,4693.74048,4705.33714,4693.75048,4705.45928,180.841
226,2,6,262144,URMA_WRITE,7,0ns,233,232,4705.35714,4716.94434,4705.36714,4717.06648,180.9887
227,6,2,262144,URMA_WRITE,7,0ns,233,232,4705.35714,4716.96006,4705.36432,4717.08186,180.7435
228,2,6,278528,URMA_WRITE,7,2549ns,234,233,4719.52906,4731.83886,4719.53906,4731.96066,181.0122
229,6,2,278528,URMA_WRITE,7,2549ns,234,233,4719.52906,4731.85196,4719.53906,4731.9741,180.8198
230,2,6,262144,URMA_WRITE,7,456737ns,235,234,5188.60896,5209.4301,5188.61896,5210.14692,100.7222
231,6,2,262144,URMA_WRITE,7,456737ns,235,234,5188.60896,5209.62142,5188.61896,5209.9656,99.8052
232,2,6,262144,URMA_WRITE,7,36330ns,236,235,5245.97142,5257.5693,5245.98142,5257.6911,180.822
233,6,2,262144,URMA_WRITE,7,36330ns,236,235,5245.97142,5257.55144,5245.98142,5257.67358,181.1009
234,2,6,262144,URMA_WRITE,7,0ns,237,236,5257.5893,5269.19222,5257.59614,5269.31402,180.7435
235,6,2,262144,URMA_WRITE,7,0ns,237,236,5257.5893,5269.17616,5257.5993,5269.2983,180.994
236,2,6,278528,URMA_WRITE,7,2549ns,238,237,5271.76122,5284.06156,5271.77122,5284.1837,181.1514
237,6,2,278528,URMA_WRITE,7,2549ns,238,237,5271.76122,5284.0719,5271.77122,5284.1937,180.9993
238,2,6,262144,URMA_WRITE,7,456737ns,239,238,5740.8289,5767.56018,5740.8389,5772.87876,78.4531
239,6,2,262144,URMA_WRITE,7,456737ns,239,238,5740.8289,5772.8391,5740.8389,5772.96348,65.5151
240,3,7,524288,URMA_WRITE,7,100000ns,1000,,100.0,141.48454,100.01,147.64584,101.1052
241,3,7,524288,URMA_WRITE,7,140000ns,1001,,140.0,174.39654,140.01,175.06124,121.9397
242,3,7,524288,URMA_WRITE,7,180000ns,1002,,180.0,213.6167,180.01,213.74166,124.7685
243,3,7,524288,URMA_WRITE,7,500000ns,1003,,500.0,521.81562,500.01,525.56164,192.2615
244,3,7,524288,URMA_WRITE,7,520000ns,1004,,520.0,551.64746,520.01,551.96824,132.5321
245,3,7,524288,URMA_WRITE,7,900000ns,1005,,900.0,921.81562,900.01,921.94058,192.2615
246,3,7,524288,URMA_WRITE,7,940000ns,1006,,940.0,961.81562,940.01,961.94058,192.2615
247,3,7,524288,URMA_WRITE,7,980000ns,1007,,980.0,1001.81562,980.01,1001.94058,192.2615
248,3,7,524288,URMA_WRITE,7,1300000ns,1008,,1300.0,1331.181,1300.01,1362.39216,134.5147
249,3,7,524288,URMA_WRITE,7,1320000ns,1009,,1320.0,1362.52622,1320.01,1362.65118,98.6287
250,3,7,524288,URMA_WRITE,7,1700000ns,1010,,1700.0,1733.29692,1700.01,1734.09006,125.9667
251,3,7,524288,URMA_WRITE,7,1740000ns,1011,,1740.0,1777.82098,1740.01,1778.18386,110.8989
252,3,7,524288,URMA_WRITE,7,1780000ns,1012,,1780.0,1806.71854,1780.01,1807.06598,156.981
253,3,7,524288,URMA_WRITE,7,2100000ns,1013,,2100.0,2121.81562,2100.01,2125.56164,192.2615
254,3,7,524288,URMA_WRITE,7,2120000ns,1014,,2120.0,2143.2665,2120.01,2143.39146,180.2722
255,3,7,524288,URMA_WRITE,7,2500000ns,1015,,2500.0,2521.81562,2500.01,2521.94058,192.2615
256,3,7,524288,URMA_WRITE,7,2540000ns,1016,,2540.0,2561.81562,2540.01,2561.94058,192.2615
257,3,7,524288,URMA_WRITE,7,2580000ns,1017,,2580.0,2601.81562,2580.01,2601.94058,192.2615
258,3,7,524288,URMA_WRITE,7,2900000ns,1018,,2900.0,2923.39776,2900.01,2933.27022,179.2609
259,3,7,524288,URMA_WRITE,7,2920000ns,1019,,2920.0,2965.88432,2920.01,2966.46018,91.4104
260,3,7,524288,URMA_WRITE,7,3300000ns,1020,,3300.0,3321.81562,3300.01,3321.94058,192.2615
261,3,7,524288,URMA_WRITE,7,3340000ns,1021,,3340.0,3361.81562,3340.01,3361.94058,192.2615
262,3,7,524288,URMA_WRITE,7,3380000ns,1022,,3380.0,3402.06274,3380.01,3402.1877,190.108
263,3,7,524288,URMA_WRITE,7,3700000ns,1023,,3700.0,3721.81562,3700.01,3725.56164,192.2615
264,3,7,524288,URMA_WRITE,7,3720000ns,1024,,3720.0,3743.2665,3720.01,3743.39146,180.2722
265,3,7,524288,URMA_WRITE,7,4100000ns,1025,,4100.0,4136.2271,4100.01,4136.585,115.7781
266,3,7,524288,URMA_WRITE,7,4140000ns,1026,,4140.0,4171.26146,4140.01,4171.7796,134.1685
267,3,7,524288,URMA_WRITE,7,4180000ns,1027,,4180.0,4201.81562,4180.01,4201.94058,192.2615
268,3,7,524288,URMA_WRITE,7,4500000ns,1028,,4500.0,4521.81562,4500.01,4525.56164,192.2615
269,3,7,524288,URMA_WRITE,7,4520000ns,1029,,4520.0,4551.45794,4520.01,4551.9532,133.3305
270,3,7,524288,URMA_WRITE,7,4900000ns,1030,,4900.0,4921.81562,4900.01,4921.94058,192.2615
271,3,7,524288,URMA_WRITE,7,4940000ns,1031,,4940.0,4961.81562,4940.01,4961.94058,192.2615
272,3,7,524288,URMA_WRITE,7,4980000ns,1032,,4980.0,5001.81562,4980.01,5001.94058,192.2615
273,3,7,524288,URMA_WRITE,7,5300000ns,1033,,5300.0,5321.82562,5300.01,5325.56164,192.1734
274,3,7,524288,URMA_WRITE,7,5320000ns,1034,,5320.0,5343.2665,5320.01,5343.39146,180.2722
275,3,7,524288,URMA_WRITE,7,5700000ns,1035,,5700.0,5721.83314,5700.01,5721.9581,192.1072
276,3,7,524288,URMA_WRITE,7,5740000ns,1036,,5740.0,5772.94382,5740.01,5773.06878,127.3169
277,3,7,524288,URMA_WRITE,7,5780000ns,1037,,5780.0,5801.81562,5780.01,5801.94058,192.2615
278,3,7,524288,URMA_WRITE,7,6100000ns,1038,,6100.0,6121.81562,6100.01,6125.56164,192.2615
279,3,7,524288,URMA_WRITE,7,6120000ns,1039,,6120.0,6143.2665,6120.01,6143.39146,180.2722
280,3,7,524288,URMA_WRITE,7,6500000ns,1040,,6500.0,6521.81562,6500.01,6521.94058,192.2615
281,3,7,524288,URMA_WRITE,7,6540000ns,1041,,6540.0,6561.81562,6540.01,6561.94058,192.2615
282,3,7,524288,URMA_WRITE,7,6580000ns,1042,,6580.0,6601.81562,6580.01,6601.94058,192.2615
283,3,7,524288,URMA_WRITE,7,6900000ns,1043,,6900.0,6921.81562,6900.01,6925.56164,192.2615
284,3,7,524288,URMA_WRITE,7,6920000ns,1044,,6920.0,6943.2665,6920.01,6943.39146,180.2722
285,3,7,524288,URMA_WRITE,7,7300000ns,1045,,7300.0,7321.81562,7300.01,7321.94058,192.2615
286,3,7,524288,URMA_WRITE,7,7340000ns,1046,,7340.0,7361.81562,7340.01,7361.94058,192.2615
287,3,7,524288,URMA_WRITE,7,7380000ns,1047,,7380.0,7401.81562,7380.01,7401.94058,192.2615
288,3,7,524288,URMA_WRITE,7,7700000ns,1048,,7700.0,7721.81562,7700.01,7725.56164,192.2615
289,3,7,524288,URMA_WRITE,7,7720000ns,1049,,7720.0,7743.2665,7720.01,7743.39146,180.2722
