phase_id,group,repetition,collective,algorithm_stage,depends_on_phase,start_us,complete_us,last_ack_us,delay_us,task_count,duration_us
0,G0,0,AllReduce,reduce_scatter,,36.33000000,58.66562000,58.79024000,36.33000000,2,22.33562000
1,G0,0,AllReduce,allgather,0.0,58.68562000,100.92058000,103.30632000,0.00000000,2,42.23496000
2,G0,0,AllGather,ring_exchange,1.0,103.48958000,216.72226000,219.48808000,2.54900000,2,113.23268000
3,G0,0,ReduceScatter,ring_exchange,2.0,673.47926000,695.81488000,695.93950000,456.73700000,2,22.33562000
4,G0,1,AllReduce,reduce_scatter,3.0,732.16488000,754.51554000,754.64016000,36.33000000,2,22.35066000
5,G0,1,AllReduce,allgather,4.0,754.53554000,776.87620000,777.00082000,0.00000000,2,22.34066000
6,G0,1,AllGather,ring_exchange,5.0,779.44520000,822.06642000,823.45168000,2.54900000,2,42.62122000
7,G0,1,ReduceScatter,ring_exchange,6.0,1278.82342000,1319.31784000,1320.33918000,456.73700000,2,40.49442000
8,G0,2,AllReduce,reduce_scatter,7.0,1355.66784000,1408.63632000,1408.75376000,36.33000000,2,52.96848000
9,G0,2,AllReduce,allgather,8.0,1408.65632000,1430.99194000,1431.11656000,0.00000000,2,22.33562000
10,G0,2,AllGather,ring_exchange,9.0,1433.56094000,1457.27720000,1457.40182000,2.54900000,2,23.71626000
11,G0,2,ReduceScatter,ring_exchange,10.0,1914.03420000,1948.51836000,1948.64298000,456.73700000,2,34.48416000
12,G0,3,AllReduce,reduce_scatter,11.0,1984.86836000,2007.21398000,2007.33860000,36.33000000,2,22.34562000
13,G0,3,AllReduce,allgather,12.0,2007.23398000,2029.56678000,2029.69140000,0.00000000,2,22.33280000
14,G0,3,AllGather,ring_exchange,13.0,2032.13578000,2055.85708000,2055.98170000,2.54900000,2,23.72130000
15,G0,3,ReduceScatter,ring_exchange,14.0,2512.61408000,2616.17814000,2619.89452000,456.73700000,2,103.56406000
16,G0,4,AllReduce,reduce_scatter,15.0,2652.52814000,2733.83030000,2735.19556000,36.33000000,2,81.30216000
17,G0,4,AllReduce,allgather,16.0,2733.85030000,2780.78954000,2780.91698000,0.00000000,2,46.93924000
18,G0,4,AllGather,ring_exchange,17.0,2783.35854000,2807.09488000,2807.21950000,2.54900000,2,23.73634000
19,G0,4,ReduceScatter,ring_exchange,18.0,3263.85188000,3358.35654000,3362.07292000,456.73700000,2,94.50466000
20,G0,5,AllReduce,reduce_scatter,19.0,3394.70654000,3499.46734000,3503.16996000,36.33000000,2,104.76080000
21,G0,5,AllReduce,allgather,20.0,3499.48734000,3587.00790000,3587.13228000,0.00000000,2,87.52056000
22,G0,5,AllGather,ring_exchange,21.0,3589.57690000,3613.29820000,3613.42282000,2.54900000,2,23.72130000
23,G0,5,ReduceScatter,ring_exchange,22.0,4070.05520000,4110.10876000,4111.47266000,456.73700000,2,40.05356000
24,G0,6,AllReduce,reduce_scatter,23.0,4146.45876000,4252.31500000,4256.03642000,36.33000000,2,105.85624000
25,G0,6,AllReduce,allgather,24.0,4252.33500000,4359.40452000,4363.44986000,0.00000000,2,107.06952000
26,G0,6,AllGather,ring_exchange,25.0,4361.97352000,4431.31948000,4431.44692000,2.54900000,2,69.34596000
27,G0,6,ReduceScatter,ring_exchange,26.0,4888.07648000,4993.70666000,4995.14184000,456.73700000,2,105.63018000
28,G0,7,AllReduce,reduce_scatter,27.0,5030.05666000,5138.21810000,5139.33808000,36.33000000,2,108.16144000
29,G0,7,AllReduce,allgather,28.0,5138.23810000,5214.67810000,5214.80554000,0.00000000,2,76.44000000
30,G0,7,AllGather,ring_exchange,29.0,5217.24710000,5287.78816000,5287.92646000,2.54900000,2,70.54106000
31,G0,7,ReduceScatter,ring_exchange,30.0,5744.54516000,5853.98658000,5855.42176000,456.73700000,2,109.44142000
32,G0,8,AllReduce,reduce_scatter,31.0,5890.33658000,5960.81466000,5960.94210000,36.33000000,2,70.47808000
33,G0,8,AllReduce,allgather,32.0,5960.83466000,6027.20868000,6027.33194000,0.00000000,2,66.37402000
34,G0,8,AllGather,ring_exchange,33.0,6029.77768000,6101.62426000,6103.41832000,2.54900000,2,71.84658000
35,G0,8,ReduceScatter,ring_exchange,34.0,6558.38126000,6667.37850000,6668.81368000,456.73700000,2,108.99724000
36,G0,9,AllReduce,reduce_scatter,35.0,6703.72850000,6770.10252000,6770.22082000,36.33000000,2,66.37402000
37,G0,9,AllReduce,allgather,36.0,6770.12252000,6836.49150000,6836.60980000,0.00000000,2,66.36898000
38,G0,9,AllGather,ring_exchange,37.0,6839.06050000,6934.30332000,6936.09738000,2.54900000,2,95.24282000
39,G0,9,ReduceScatter,ring_exchange,38.0,7391.06032000,7494.62026000,7494.74770000,456.73700000,2,103.55994000
100,G1,0,AllReduce,reduce_scatter,,76.33000000,154.81858000,158.54000000,76.33000000,2,78.48858000
101,G1,0,AllReduce,allgather,100.0,154.83858000,248.81258000,251.19328000,0.00000000,2,93.97400000
102,G1,0,AllGather,ring_exchange,101.0,251.38158000,343.40418000,346.46272000,2.54900000,2,92.02260000
103,G1,0,ReduceScatter,ring_exchange,102.0,800.16118000,838.73994000,840.10520000,456.73700000,2,38.57876000
104,G1,1,AllReduce,reduce_scatter,103.0,875.08994000,942.97668000,944.37186000,36.33000000,2,67.88674000
105,G1,1,AllReduce,allgather,104.0,942.99668000,1031.08324000,1032.47842000,0.00000000,2,88.08656000
106,G1,1,AllGather,ring_exchange,105.0,1033.65224000,1126.29172000,1128.03578000,2.54900000,2,92.63948000
107,G1,1,ReduceScatter,ring_exchange,106.0,1583.04872000,1626.98642000,1627.10600000,456.73700000,2,43.93770000
108,G1,2,AllReduce,reduce_scatter,107.0,1663.33642000,1730.37676000,1731.77194000,36.33000000,2,67.04034000
109,G1,2,AllReduce,allgather,108.0,1730.39676000,1818.05484000,1819.45002000,0.00000000,2,87.65808000
110,G1,2,AllGather,ring_exchange,109.0,1820.62384000,1913.47428000,1915.89122000,2.54900000,2,92.85044000
111,G1,2,ReduceScatter,ring_exchange,110.0,2370.23128000,2414.51306000,2414.64050000,456.73700000,2,44.28178000
112,G1,3,AllReduce,reduce_scatter,111.0,2450.86306000,2495.17116000,2495.29860000,36.33000000,2,44.30810000
113,G1,3,AllReduce,allgather,112.0,2495.19116000,2602.53534000,2603.97052000,0.00000000,2,107.34418000
114,G1,3,AllGather,ring_exchange,113.0,2605.10434000,2720.03302000,2721.82572000,2.54900000,2,114.92868000
115,G1,3,ReduceScatter,ring_exchange,114.0,3176.79002000,3221.10316000,3221.22642000,456.73700000,2,44.31314000
116,G1,4,AllReduce,reduce_scatter,115.0,3257.45316000,3350.50662000,3351.94044000,36.33000000,2,93.05346000
117,G1,4,AllReduce,allgather,116.0,3350.52662000,3460.44702000,3461.88084000,0.00000000,2,109.92040000
118,G1,4,AllGather,ring_exchange,117.0,3463.01602000,3577.54134000,3579.33540000,2.54900000,2,114.52532000
119,G1,4,ReduceScatter,ring_exchange,118.0,4034.29834000,4099.82436000,4099.94762000,456.73700000,2,65.52602000
120,G1,5,AllReduce,reduce_scatter,119.0,4136.17436000,4244.46004000,4245.89386000,36.33000000,2,108.28568000
121,G1,5,AllReduce,allgather,120.0,4244.48004000,4355.21772000,4356.33266000,0.00000000,2,110.73768000
122,G1,5,AllGather,ring_exchange,121.0,4357.78672000,4431.14948000,4431.28778000,2.54900000,2,73.36276000
123,G1,5,ReduceScatter,ring_exchange,122.0,4887.90648000,4993.35274000,4994.78792000,456.73700000,2,105.44626000
124,G1,6,AllReduce,reduce_scatter,123.0,5029.70274000,5138.18810000,5138.98416000,36.33000000,2,108.48536000
125,G1,6,AllReduce,allgather,124.0,5138.20810000,5214.65810000,5214.78554000,0.00000000,2,76.45000000
126,G1,6,AllGather,ring_exchange,125.0,5217.22710000,5287.76816000,5287.90646000,2.54900000,2,70.54106000
127,G1,6,ReduceScatter,ring_exchange,126.0,5744.52516000,5853.99290000,5855.42672000,456.73700000,2,109.46774000
128,G1,7,AllReduce,reduce_scatter,127.0,5890.34290000,5960.82466000,5960.95210000,36.33000000,2,70.48176000
129,G1,7,AllReduce,allgather,128.0,5960.84466000,6027.21868000,6027.34194000,0.00000000,2,66.37402000
130,G1,7,AllGather,ring_exchange,129.0,6029.78768000,6101.63058000,6103.42328000,2.54900000,2,71.84290000
131,G1,7,ReduceScatter,ring_exchange,130.0,6558.38758000,6667.38482000,6668.81864000,456.73700000,2,108.99724000
132,G1,8,AllReduce,reduce_scatter,131.0,6703.73482000,6770.11252000,6770.23082000,36.33000000,2,66.37770000
133,G1,8,AllReduce,allgather,132.0,6770.13252000,6836.50150000,6836.61980000,0.00000000,2,66.36898000
134,G1,8,AllGather,ring_exchange,133.0,6839.07050000,6934.30964000,6936.10234000,2.54900000,2,95.23914000
135,G1,8,ReduceScatter,ring_exchange,134.0,7391.06664000,7494.63026000,7494.75770000,456.73700000,2,103.56362000
136,G1,9,AllReduce,reduce_scatter,135.0,7530.98026000,7575.27836000,7575.39666000,36.33000000,2,44.29810000
137,G1,9,AllReduce,allgather,136.0,7575.29836000,7619.61150000,7619.73894000,0.00000000,2,44.31314000
138,G1,9,AllGather,ring_exchange,137.0,7622.18050000,7669.26712000,7669.38826000,2.54900000,2,47.08662000
139,G1,9,ReduceScatter,ring_exchange,138.0,8126.02412000,8170.33726000,8170.46052000,456.73700000,2,44.31314000
200,G2,0,AllReduce,reduce_scatter,,116.33000000,220.90026000,222.29408000,116.33000000,2,104.57026000
201,G2,0,AllReduce,allgather,200.0,220.92026000,311.02834000,312.42352000,0.00000000,2,90.10808000
202,G2,0,AllGather,ring_exchange,201.0,313.59734000,367.59834000,367.72578000,2.54900000,2,54.00100000
203,G2,0,ReduceScatter,ring_exchange,202.0,824.35534000,847.12290000,847.24752000,456.73700000,2,22.76756000
204,G2,1,AllReduce,reduce_scatter,203.0,883.47290000,961.37436000,963.75506000,36.33000000,2,77.90146000
205,G2,1,AllReduce,allgather,204.0,961.39436000,1048.12516000,1050.50586000,0.00000000,2,86.73080000
206,G2,1,AllGather,ring_exchange,205.0,1050.69416000,1135.25204000,1136.95986000,2.54900000,2,84.55788000
207,G2,1,ReduceScatter,ring_exchange,206.0,1592.00904000,1627.35618000,1627.46858000,456.73700000,2,35.34714000
208,G2,2,AllReduce,reduce_scatter,207.0,1663.70618000,1731.08084000,1733.13258000,36.33000000,2,67.37466000
209,G2,2,AllReduce,allgather,208.0,1731.10084000,1818.75892000,1820.13778000,0.00000000,2,87.65808000
210,G2,2,AllGather,ring_exchange,209.0,1821.32792000,1914.17836000,1917.25690000,2.54900000,2,92.85044000
211,G2,2,ReduceScatter,ring_exchange,210.0,2370.93536000,2414.58282000,2414.71026000,456.73700000,2,43.64746000
212,G2,3,AllReduce,reduce_scatter,211.0,2450.93282000,2495.18832000,2495.30860000,36.33000000,2,44.25550000
213,G2,3,AllReduce,allgather,212.0,2495.20832000,2602.54534000,2603.98052000,0.00000000,2,107.33702000
214,G2,3,AllGather,ring_exchange,213.0,2605.11434000,2720.04302000,2721.83572000,2.54900000,2,114.92868000
215,G2,3,ReduceScatter,ring_exchange,214.0,3176.80002000,3221.12032000,3221.24642000,456.73700000,2,44.32030000
216,G2,4,AllReduce,reduce_scatter,215.0,3257.47032000,3350.51662000,3351.95044000,36.33000000,2,93.04630000
217,G2,4,AllReduce,allgather,216.0,3350.53662000,3460.45702000,3461.89084000,0.00000000,2,109.92040000
218,G2,4,AllGather,ring_exchange,217.0,3463.02602000,3577.55134000,3579.34540000,2.54900000,2,114.52532000
219,G2,4,ReduceScatter,ring_exchange,218.0,4034.30834000,4099.83436000,4099.95762000,456.73700000,2,65.52602000
220,G2,5,AllReduce,reduce_scatter,219.0,4136.18436000,4244.47004000,4245.90386000,36.33000000,2,108.28568000
221,G2,5,AllReduce,allgather,220.0,4244.49004000,4355.22772000,4356.34266000,0.00000000,2,110.73768000
222,G2,5,AllGather,ring_exchange,221.0,4357.79672000,4431.15948000,4431.29778000,2.54900000,2,73.36276000
223,G2,5,ReduceScatter,ring_exchange,222.0,4887.91648000,4993.36274000,4994.79792000,456.73700000,2,105.44626000
224,G2,6,AllReduce,reduce_scatter,223.0,5029.71274000,5138.19810000,5138.99416000,36.33000000,2,108.48536000
225,G2,6,AllReduce,allgather,224.0,5138.21810000,5214.66810000,5214.79554000,0.00000000,2,76.45000000
226,G2,6,AllGather,ring_exchange,225.0,5217.23710000,5287.77816000,5287.91646000,2.54900000,2,70.54106000
227,G2,6,ReduceScatter,ring_exchange,226.0,5744.53516000,5854.00290000,5855.43672000,456.73700000,2,109.46774000
228,G2,7,AllReduce,reduce_scatter,227.0,5890.35290000,5960.83466000,5960.96210000,36.33000000,2,70.48176000
229,G2,7,AllReduce,allgather,228.0,5960.85466000,6027.22868000,6027.35194000,0.00000000,2,66.37402000
230,G2,7,AllGather,ring_exchange,229.0,6029.79768000,6101.64058000,6103.43328000,2.54900000,2,71.84290000
231,G2,7,ReduceScatter,ring_exchange,230.0,6558.39758000,6667.39482000,6668.82864000,456.73700000,2,108.99724000
232,G2,8,AllReduce,reduce_scatter,231.0,6703.74482000,6770.12252000,6770.24082000,36.33000000,2,66.37770000
233,G2,8,AllReduce,allgather,232.0,6770.14252000,6836.51150000,6836.62980000,0.00000000,2,66.36898000
234,G2,8,AllGather,ring_exchange,233.0,6839.08050000,6934.31964000,6936.11234000,2.54900000,2,95.23914000
235,G2,8,ReduceScatter,ring_exchange,234.0,7391.07664000,7494.64026000,7494.76770000,456.73700000,2,103.56362000
236,G2,9,AllReduce,reduce_scatter,235.0,7530.99026000,7575.29552000,7575.41666000,36.33000000,2,44.30526000
237,G2,9,AllReduce,allgather,236.0,7575.31552000,7619.62866000,7619.74894000,0.00000000,2,44.31314000
238,G2,9,AllGather,ring_exchange,237.0,7622.19766000,7669.26996000,7669.39826000,2.54900000,2,47.07230000
239,G2,9,ReduceScatter,ring_exchange,238.0,8126.02696000,8170.35442000,8170.48052000,456.73700000,2,44.32746000
1000,KV,0,KV-proxy,p2p,,100.00000000,206.22346000,341.36400000,100.00000000,1,106.22346000
1001,KV,0,KV-proxy,p2p,,140.00000000,291.49466000,367.13776000,140.00000000,1,151.49466000
1002,KV,0,KV-proxy,p2p,,180.00000000,367.23962000,367.36296000,180.00000000,1,187.23962000
1003,KV,0,KV-proxy,p2p,,500.00000000,543.17650000,585.83296000,500.00000000,1,43.17650000
1004,KV,0,KV-proxy,p2p,,520.00000000,585.95826000,586.08570000,520.00000000,1,65.95826000
1005,KV,1,KV-proxy,p2p,,900.00000000,983.51012000,1105.21474000,900.00000000,1,83.51012000
1006,KV,1,KV-proxy,p2p,,940.00000000,1066.88442000,1138.42026000,940.00000000,1,126.88442000
1007,KV,1,KV-proxy,p2p,,980.00000000,1138.51556000,1138.64300000,980.00000000,1,158.51556000
1008,KV,1,KV-proxy,p2p,,1300.00000000,1343.94864000,1408.22574000,1300.00000000,1,43.94864000
1009,KV,1,KV-proxy,p2p,,1320.00000000,1408.34760000,1408.47094000,1320.00000000,1,88.34760000
1010,KV,2,KV-proxy,p2p,,1700.00000000,1782.23988000,1891.88006000,1700.00000000,1,82.23988000
1011,KV,2,KV-proxy,p2p,,1740.00000000,1866.51042000,1938.09474000,1740.00000000,1,126.51042000
1012,KV,2,KV-proxy,p2p,,1780.00000000,1936.25910000,1940.18314000,1780.00000000,1,156.25910000
1013,KV,2,KV-proxy,p2p,,2100.00000000,2143.17650000,2185.83296000,2100.00000000,1,43.17650000
1014,KV,2,KV-proxy,p2p,,2120.00000000,2185.95826000,2186.08570000,2120.00000000,1,65.95826000
1015,KV,3,KV-proxy,p2p,,2500.00000000,2604.17926000,2755.30572000,2500.00000000,1,104.17926000
1016,KV,3,KV-proxy,p2p,,2540.00000000,2713.82998000,2780.17068000,2540.00000000,1,173.82998000
1017,KV,3,KV-proxy,p2p,,2580.00000000,2778.65622000,2780.33068000,2580.00000000,1,198.65622000
1018,KV,3,KV-proxy,p2p,,2900.00000000,2943.17650000,2985.83296000,2900.00000000,1,43.17650000
1019,KV,3,KV-proxy,p2p,,2920.00000000,2985.95826000,2986.08570000,2920.00000000,1,65.95826000
1020,KV,4,KV-proxy,p2p,,3300.00000000,3394.02944000,3570.03536000,3300.00000000,1,94.02944000
1021,KV,4,KV-proxy,p2p,,3340.00000000,3499.08764000,3587.02732000,3340.00000000,1,159.08764000
1022,KV,4,KV-proxy,p2p,,3380.00000000,3587.14262000,3587.27006000,3380.00000000,1,207.14262000
1023,KV,4,KV-proxy,p2p,,3700.00000000,3743.17650000,3785.83296000,3700.00000000,1,43.17650000
1024,KV,4,KV-proxy,p2p,,3720.00000000,3785.95826000,3786.08570000,3720.00000000,1,65.95826000
1025,KV,5,KV-proxy,p2p,,4100.00000000,4160.00494000,4265.75010000,4100.00000000,1,60.00494000
1026,KV,5,KV-proxy,p2p,,4140.00000000,4266.63606000,4371.51378000,4140.00000000,1,126.63606000
1027,KV,5,KV-proxy,p2p,,4180.00000000,4367.78170000,4378.95994000,4180.00000000,1,187.78170000
1028,KV,5,KV-proxy,p2p,,4500.00000000,4543.17650000,4585.83296000,4500.00000000,1,43.17650000
1029,KV,5,KV-proxy,p2p,,4520.00000000,4585.95826000,4586.08570000,4520.00000000,1,65.95826000
1030,KV,6,KV-proxy,p2p,,4900.00000000,4997.03146000,5138.25996000,4900.00000000,1,97.03146000
1031,KV,6,KV-proxy,p2p,,4940.00000000,5067.00004000,5180.22128000,4940.00000000,1,127.00004000
1032,KV,6,KV-proxy,p2p,,4980.00000000,5175.17660000,5187.66240000,4980.00000000,1,195.17660000
1033,KV,6,KV-proxy,p2p,,5300.00000000,5343.18650000,5385.83296000,5300.00000000,1,43.18650000
1034,KV,6,KV-proxy,p2p,,5320.00000000,5385.95826000,5386.08570000,5320.00000000,1,65.95826000
1035,KV,7,KV-proxy,p2p,,5700.00000000,5743.17650000,5787.16880000,5700.00000000,1,43.17650000
1036,KV,7,KV-proxy,p2p,,5740.00000000,5851.60778000,5909.95064000,5740.00000000,1,111.60778000
1037,KV,7,KV-proxy,p2p,,5780.00000000,5906.69092000,5917.39688000,5780.00000000,1,126.69092000
1038,KV,7,KV-proxy,p2p,,6100.00000000,6143.40482000,6186.06128000,6100.00000000,1,43.40482000
1039,KV,7,KV-proxy,p2p,,6120.00000000,6186.18658000,6186.31402000,6120.00000000,1,66.18658000
1040,KV,8,KV-proxy,p2p,,6500.00000000,6543.17650000,6556.12284000,6500.00000000,1,43.17650000
1041,KV,8,KV-proxy,p2p,,6540.00000000,6650.60178000,6694.65024000,6540.00000000,1,110.60178000
1042,KV,8,KV-proxy,p2p,,6580.00000000,6694.76554000,6694.89298000,6580.00000000,1,114.76554000
1043,KV,8,KV-proxy,p2p,,6900.00000000,6952.36556000,6995.03202000,6900.00000000,1,52.36556000
1044,KV,8,KV-proxy,p2p,,6920.00000000,6995.13732000,6995.26476000,6920.00000000,1,75.13732000
1045,KV,9,KV-proxy,p2p,,7300.00000000,7343.17650000,7356.12284000,7300.00000000,1,43.17650000
1046,KV,9,KV-proxy,p2p,,7340.00000000,7385.99826000,7462.78976000,7340.00000000,1,45.99826000
1047,KV,9,KV-proxy,p2p,,7380.00000000,7494.15866000,7494.27856000,7380.00000000,1,114.15866000
1048,KV,9,KV-proxy,p2p,,7700.00000000,7743.17650000,7785.83296000,7700.00000000,1,43.17650000
1049,KV,9,KV-proxy,p2p,,7720.00000000,7785.95826000,7786.08570000,7720.00000000,1,65.95826000
