uid,psn,src,dst,payload_bytes,task_id,rounded_core_us,host_send_rounded_us,core_ingress_rounded_us,destination_arrival_rounded_us,direction,group,repetition,collective,algorithm_stage,phase_id,start_us,wire_bytes,end_us,capacity_gbps,evidence
17265,981,1,5,4096,108,2619.818,2606.293,2606.396,2620.315,L2R,G1,3,AllGather,ring_exchange,114,2619.81832,4174,2620.15224,100,ns3-simulated/AllPacketTrace+PortTrace
17267,981,2,6,4096,188,2620.152,2606.303,2606.406,2620.649,L2R,G2,3,AllGather,ring_exchange,214,2620.15224,4174,2620.48616,100,ns3-simulated/AllPacketTrace+PortTrace
16700,2067,3,7,4096,256,2620.486,2541.596,2541.699,2620.983,L2R,KV,3,KV-proxy,p2p,1016,2620.48616,4174,2620.82008,100,ns3-simulated/AllPacketTrace+PortTrace
17270,982,1,5,4096,108,2620.82,2606.376,2606.48,2621.317,L2R,G1,3,AllGather,ring_exchange,114,2620.82008,4174,2621.154,100,ns3-simulated/AllPacketTrace+PortTrace
17268,982,2,6,4096,188,2621.154,2606.386,2606.49,2621.651,L2R,G2,3,AllGather,ring_exchange,214,2621.154,4174,2621.48792,100,ns3-simulated/AllPacketTrace+PortTrace
16701,2068,3,7,4096,256,2621.487,2541.679,2541.783,2621.985,L2R,KV,3,KV-proxy,p2p,1016,2621.48792,4174,2621.82184,100,ns3-simulated/AllPacketTrace+PortTrace
17274,983,1,5,4096,108,2621.831,2606.46,2606.563,2622.329,L2R,G1,3,AllGather,ring_exchange,114,2621.83184,4174,2622.16576,100,ns3-simulated/AllPacketTrace+PortTrace
17276,983,2,6,4096,188,2622.165,2606.47,2606.573,2622.663,L2R,G2,3,AllGather,ring_exchange,214,2622.16576,4174,2622.49968,100,ns3-simulated/AllPacketTrace+PortTrace
16703,2069,3,7,4096,256,2622.499,2541.763,2541.866,2622.997,L2R,KV,3,KV-proxy,p2p,1016,2622.49968,4174,2622.8336,100,ns3-simulated/AllPacketTrace+PortTrace
17280,984,2,6,4096,188,2622.843,2606.553,2606.656,2623.341,L2R,G2,3,AllGather,ring_exchange,214,2622.8436,4174,2623.17752,100,ns3-simulated/AllPacketTrace+PortTrace
16705,2070,3,7,4096,256,2623.177,2541.846,2541.95,2623.674,L2R,KV,3,KV-proxy,p2p,1016,2623.17752,4174,2623.51144,100,ns3-simulated/AllPacketTrace+PortTrace
17282,984,1,5,4096,108,2623.511,2606.553,2606.656,2624.008,L2R,G1,3,AllGather,ring_exchange,114,2623.51144,4174,2623.84536,100,ns3-simulated/AllPacketTrace+PortTrace
17285,985,2,6,4096,188,2623.845,2606.636,2606.74,2624.342,L2R,G2,3,AllGather,ring_exchange,214,2623.84536,4174,2624.17928,100,ns3-simulated/AllPacketTrace+PortTrace
16706,2071,3,7,4096,256,2624.179,2541.93,2542.033,2624.676,L2R,KV,3,KV-proxy,p2p,1016,2624.17928,4174,2624.5132,100,ns3-simulated/AllPacketTrace+PortTrace
17284,985,1,5,4096,108,2624.513,2606.636,2606.74,2625.01,L2R,G1,3,AllGather,ring_exchange,114,2624.5132,4174,2624.84712,100,ns3-simulated/AllPacketTrace+PortTrace
17289,986,2,6,4096,188,2624.847,2606.72,2606.823,2625.344,L2R,G2,3,AllGather,ring_exchange,214,2624.84712,4174,2625.18104,100,ns3-simulated/AllPacketTrace+PortTrace
16707,2072,3,7,4096,256,2625.181,2542.013,2542.117,2625.678,L2R,KV,3,KV-proxy,p2p,1016,2625.18104,4174,2625.51496,100,ns3-simulated/AllPacketTrace+PortTrace
17287,986,1,5,4096,108,2625.514,2606.72,2606.823,2626.012,L2R,G1,3,AllGather,ring_exchange,114,2625.51496,4174,2625.84888,100,ns3-simulated/AllPacketTrace+PortTrace
17292,987,2,6,4096,188,2625.848,2606.803,2606.907,2626.346,L2R,G2,3,AllGather,ring_exchange,214,2625.84888,4174,2626.1828,100,ns3-simulated/AllPacketTrace+PortTrace
