direction,time_us,kib
L2R,2460.125,409.0703125
L2R,2460.375,405.0546875
L2R,2460.625,405.115234375
L2R,2460.875,401.0390625
L2R,2461.125,397.0234375
L2R,2461.375,393.0078125
L2R,2461.625,393.1455078125
L2R,2461.875,389.0693359375
L2R,2462.125,385.130859375
L2R,2462.375,385.130859375
L2R,2462.625,381.115234375
L2R,2462.875,377.0390625
L2R,2463.125,373.0234375
L2R,2463.375,373.083984375
L2R,2463.625,369.068359375
L2R,2463.875,364.9921875
L2R,2464.125,360.9765625
L2R,2464.375,361.037109375
L2R,2464.625,356.9609375
L2R,2464.875,352.884765625
L2R,2465.125,348.869140625
L2R,2465.375,348.9296875
L2R,2465.625,344.9140625
L2R,2465.875,340.837890625
L2R,2466.125,336.822265625
L2R,2466.375,336.8828125
L2R,2466.625,332.8671875
L2R,2466.875,328.791015625
L2R,2467.125,324.71484375
L2R,2467.375,324.775390625
L2R,2467.625,320.759765625
L2R,2467.875,316.68359375
L2R,2468.125,312.66796875
L2R,2468.375,312.728515625
L2R,2468.625,308.712890625
L2R,2468.875,304.63671875
L2R,2469.125,300.62109375
L2R,2469.375,300.681640625
L2R,2469.625,296.666015625
L2R,2469.875,292.529296875
L2R,2470.125,288.513671875
L2R,2470.375,288.57421875
L2R,2470.625,284.55859375
L2R,2470.875,280.482421875
L2R,2471.125,276.466796875
L2R,2471.375,276.52734375
L2R,2471.625,272.51171875
L2R,2471.875,268.435546875
L2R,2472.125,264.419921875
L2R,2472.375,264.5576171875
L2R,2472.625,260.4814453125
L2R,2472.875,256.482421875
L2R,2473.125,252.466796875
L2R,2473.375,252.52734375
L2R,2473.625,248.451171875
L2R,2473.875,244.435546875
L2R,2474.125,240.419921875
L2R,2474.375,240.48046875
L2R,2474.625,236.404296875
L2R,2474.875,232.466796875
L2R,2475.125,232.388671875
L2R,2475.375,228.373046875
L2R,2475.625,224.296875
L2R,2475.875,220.28125
L2R,2476.125,220.341796875
L2R,2476.375,216.326171875
L2R,2476.625,212.25
L2R,2476.875,208.234375
L2R,2477.125,208.294921875
L2R,2477.375,204.279296875
L2R,2477.625,200.203125
L2R,2477.875,196.126953125
L2R,2478.125,196.1875
L2R,2478.375,192.171875
L2R,2478.625,188.095703125
L2R,2478.875,184.080078125
L2R,2479.125,184.140625
L2R,2479.375,180.125
L2R,2479.625,176.048828125
L2R,2479.875,171.97265625
L2R,2480.125,172.033203125
L2R,2480.375,168.017578125
L2R,2480.625,163.94140625
L2R,2480.875,159.92578125
L2R,2481.125,159.986328125
L2R,2481.375,155.970703125
L2R,2481.625,151.89453125
L2R,2481.875,147.87890625
L2R,2482.125,147.939453125
L2R,2482.375,143.923828125
L2R,2482.625,139.84765625
L2R,2482.875,135.83203125
L2R,2483.125,135.9697265625
L2R,2483.375,131.970703125
L2R,2483.625,127.89453125
L2R,2483.875,123.87890625
L2R,2484.125,123.939453125
L2R,2484.375,119.923828125
L2R,2484.625,115.84765625
L2R,2484.875,111.83203125
L2R,2485.125,111.892578125
L2R,2485.375,107.81640625
L2R,2485.625,103.740234375
L2R,2485.875,99.724609375
L2R,2486.125,99.78515625
L2R,2486.375,95.708984375
L2R,2486.625,91.693359375
L2R,2486.875,87.677734375
L2R,2487.125,87.73828125
L2R,2487.375,83.662109375
L2R,2487.625,79.646484375
L2R,2487.875,75.630859375
L2R,2488.125,75.69140625
L2R,2488.375,71.615234375
L2R,2488.625,67.5390625
L2R,2488.875,63.5234375
L2R,2489.125,63.583984375
L2R,2489.375,59.5078125
L2R,2489.625,55.4921875
L2R,2489.875,51.515625
L2R,2490.125,51.576171875
L2R,2490.375,47.4609375
L2R,2490.625,43.384765625
L2R,2490.875,43.4453125
L2R,2491.125,39.4296875
L2R,2491.375,35.353515625
L2R,2491.625,31.337890625
L2R,2491.875,31.3984375
L2R,2492.125,27.3828125
L2R,2492.375,23.306640625
L2R,2492.625,19.291015625
L2R,2492.875,19.3515625
L2R,2493.125,15.3359375
L2R,2493.375,11.259765625
L2R,2493.625,7.244140625
L2R,2493.875,7.3818359375
L2R,2494.125,6.033203125
L2R,2494.375,4.640625
L2R,2494.625,3.21484375
L2R,2494.875,1.7890625
L2R,2495.125,0.2421875
L2R,2495.375,4.076171875
L2R,2495.625,28.533203125
L2R,2495.875,48.9140625
L2R,2496.125,69.35546875
L2R,2496.375,89.796875
L2R,2496.625,114.25390625
L2R,2496.875,134.6953125
L2R,2497.125,155.13671875
L2R,2497.375,175.578125
L2R,2497.625,200.095703125
L2R,2497.875,220.4765625
L2R,2498.125,240.91796875
L2R,2498.375,261.359375
L2R,2498.625,285.876953125
L2R,2498.875,306.2578125
L2R,2499.125,326.69921875
L2R,2499.375,347.140625
L2R,2499.625,371.658203125
L2R,2499.875,392.0390625
L2R,2500.125,416.556640625
L2R,2500.375,449.2265625
L2R,2500.625,485.97265625
L2R,2500.875,494.185546875
L2R,2501.125,502.337890625
L2R,2501.375,510.55078125
L2R,2501.625,522.83984375
L2R,2501.875,531.052734375
L2R,2502.125,539.14453125
L2R,2502.375,547.357421875
L2R,2502.625,559.646484375
L2R,2502.875,567.859375
L2R,2503.125,576.01171875
L2R,2503.375,584.224609375
L2R,2503.625,596.513671875
L2R,2503.875,604.666015625
L2R,2504.125,612.87890625
L2R,2504.375,621.091796875
L2R,2504.625,633.380859375
L2R,2504.875,641.533203125
L2R,2505.125,649.685546875
L2R,2505.375,657.8984375
L2R,2505.625,670.1875
L2R,2505.875,678.33984375
L2R,2506.125,686.6298828125
L2R,2506.375,694.919921875
L2R,2506.625,707.208984375
L2R,2506.875,711.28515625
L2R,2507.125,719.498046875
L2R,2507.375,727.7109375
L2R,2507.625,740.0
L2R,2507.875,748.15234375
L2R,2508.125,756.365234375
L2R,2508.375,764.578125
L2R,2508.625,776.8671875
L2R,2508.875,785.01953125
L2R,2509.125,793.232421875
L2R,2509.375,801.4453125
L2R,2509.625,813.673828125
L2R,2509.875,821.88671875
L2R,2510.125,830.099609375
L2R,2510.375,842.328125
L2R,2510.625,850.48046875
L2R,2510.875,854.6171875
L2R,2511.125,850.6015625
L2R,2511.375,850.662109375
L2R,2511.625,846.5859375
L2R,2511.875,842.5703125
L2R,2512.125,838.5546875
L2R,2512.375,838.615234375
L2R,2512.625,834.5390625
L2R,2512.875,838.67578125
L2R,2513.125,846.888671875
L2R,2513.375,859.177734375
L2R,2513.625,867.330078125
L2R,2513.875,875.482421875
L2R,2514.125,883.6953125
L2R,2514.375,895.984375
L2R,2514.625,904.13671875
L2R,2514.875,912.349609375
L2R,2515.125,920.5625
L2R,2515.375,932.791015625
L2R,2515.625,941.00390625
L2R,2515.875,949.216796875
L2R,2516.125,957.4296875
L2R,2516.375,969.658203125
L2R,2516.625,977.87109375
L2R,2516.875,986.083984375
L2R,2517.125,994.296875
L2R,2517.375,1006.525390625
L2R,2517.625,1014.73828125
L2R,2517.875,1022.951171875
L2R,2518.125,1027.1484375
L2R,2518.375,1027.1484375
L2R,2518.625,1023.1328125
L2R,2518.875,1019.1943359375
L2R,2519.125,1015.255859375
L2R,2519.375,1015.255859375
L2R,2519.625,1011.240234375
L2R,2519.875,1007.1640625
L2R,2520.125,1003.1484375
L2R,2520.375,1003.1484375
L2R,2520.625,999.1328125
L2R,2520.875,995.1171875
L2R,2521.125,991.041015625
L2R,2521.375,991.1015625
L2R,2521.625,987.0859375
L2R,2521.875,983.0703125
L2R,2522.125,978.994140625
L2R,2522.375,979.0546875
L2R,2522.625,975.0390625
L2R,2522.875,971.0234375
L2R,2523.125,966.947265625
L2R,2523.375,967.0078125
L2R,2523.625,962.9921875
L2R,2523.875,958.9765625
L2R,2524.125,954.900390625
L2R,2524.375,954.9609375
L2R,2524.625,950.9453125
L2R,2524.875,946.9296875
L2R,2525.125,942.79296875
L2R,2525.375,942.853515625
L2R,2525.625,938.837890625
L2R,2525.875,934.822265625
L2R,2526.125,930.74609375
L2R,2526.375,930.806640625
L2R,2526.625,926.791015625
L2R,2526.875,922.71484375
L2R,2527.125,918.69921875
L2R,2527.375,918.759765625
L2R,2527.625,914.744140625
L2R,2527.875,910.66796875
L2R,2528.125,906.65234375
L2R,2528.375,906.7900390625
L2R,2528.625,902.7744140625
L2R,2528.875,898.6982421875
L2R,2529.125,894.6826171875
L2R,2529.375,894.7431640625
L2R,2529.625,890.7275390625
L2R,2529.875,886.6513671875
L2R,2530.125,882.6357421875
L2R,2530.375,882.6962890625
L2R,2530.625,878.6806640625
L2R,2530.875,874.4833984375
L2R,2531.125,874.5439453125
L2R,2531.375,870.5283203125
L2R,2531.625,866.5126953125
L2R,2531.875,862.4365234375
L2R,2532.125,862.4970703125
L2R,2532.375,858.4814453125
L2R,2532.625,854.4658203125
L2R,2532.875,850.3896484375
L2R,2533.125,850.4501953125
L2R,2533.375,846.4345703125
L2R,2533.625,842.3583984375
L2R,2533.875,838.3427734375
L2R,2534.125,838.4033203125
L2R,2534.375,834.3876953125
L2R,2534.625,830.3115234375
L2R,2534.875,826.2958984375
L2R,2535.125,826.3564453125
L2R,2535.375,822.41796875
L2R,2535.625,818.341796875
L2R,2535.875,814.4033203125
L2R,2536.125,814.4638671875
L2R,2536.375,810.3876953125
L2R,2536.625,806.3115234375
L2R,2536.875,802.2958984375
L2R,2537.125,802.3564453125
L2R,2537.375,798.4013671875
L2R,2537.625,794.3251953125
L2R,2537.875,790.3095703125
L2R,2538.125,790.3701171875
L2R,2538.375,786.2939453125
L2R,2538.625,782.2783203125
L2R,2538.875,778.2626953125
L2R,2539.125,778.3232421875
L2R,2539.375,774.2470703125
L2R,2539.625,770.2314453125
L2R,2539.875,766.2158203125
L2R,2540.125,770.3525390625
L2R,2540.375,778.5439453125
L2R,2540.625,786.7568359375
L2R,2540.875,794.9306640625
L2R,2541.125,807.2197265625
L2R,2541.375,815.3720703125
L2R,2541.625,823.5849609375
L2R,2541.875,831.7978515625
L2R,2542.125,844.0869140625
L2R,2542.375,852.1787109375
L2R,2542.625,860.3916015625
L2R,2542.875,868.6044921875
L2R,2543.125,880.8935546875
L2R,2543.375,889.0458984375
L2R,2543.625,897.2587890625
L2R,2543.875,905.4716796875
L2R,2544.125,917.837890625
L2R,2544.375,925.990234375
L2R,2544.625,934.203125
L2R,2544.875,942.416015625
L2R,2545.125,954.705078125
L2R,2545.375,962.857421875
L2R,2545.625,971.0703125
L2R,2545.875,979.283203125
L2R,2546.125,991.51171875
L2R,2546.375,999.724609375
L2R,2546.625,1007.9375
L2R,2546.875,1012.013671875
L2R,2547.125,1024.2421875
L2R,2547.375,1032.39453125
L2R,2547.625,1040.607421875
L2R,2547.875,1052.896484375
L2R,2548.125,1061.048828125
L2R,2548.375,1069.26171875
L2R,2548.625,1077.474609375
L2R,2548.875,1089.763671875
L2R,2549.125,1097.916015625
L2R,2549.375,1106.12890625
L2R,2549.625,1114.341796875
L2R,2549.875,1126.630859375
L2R,2550.125,1134.783203125
L2R,2550.375,1142.99609375
L2R,2550.625,1151.208984375
L2R,2550.875,1159.421875
L2R,2551.125,1155.345703125
L2R,2551.375,1151.330078125
L2R,2551.625,1147.314453125
L2R,2551.875,1147.4521484375
L2R,2552.125,1143.3759765625
L2R,2552.375,1139.4375
L2R,2552.625,1135.421875
L2R,2552.875,1135.421875
L2R,2553.125,1131.40625
L2R,2553.375,1127.330078125
L2R,2553.625,1123.25390625
L2R,2553.875,1123.314453125
L2R,2554.125,1119.298828125
L2R,2554.375,1115.283203125
L2R,2554.625,1111.20703125
L2R,2554.875,1111.267578125
L2R,2555.125,1107.3681640625
L2R,2555.375,1103.3740234375
L2R,2555.625,1099.3583984375
L2R,2555.875,1099.4189453125
L2R,2556.125,1095.4638671875
L2R,2556.375,1091.3876953125
L2R,2556.625,1087.3720703125
L2R,2556.875,1087.4326171875
L2R,2557.125,1083.3564453125
L2R,2557.375,1079.3408203125
L2R,2557.625,1075.3251953125
L2R,2557.875,1075.3857421875
L2R,2558.125,1071.2490234375
L2R,2558.375,1067.1728515625
L2R,2558.625,1063.1572265625
L2R,2558.875,1063.1572265625
L2R,2559.125,1059.1416015625
L2R,2559.375,1055.1259765625
L2R,2559.625,1051.0498046875
L2R,2559.875,1051.1103515625
L2R,2560.125,1047.0947265625
L2R,2560.375,1043.0791015625
L2R,2560.625,1039.0029296875
L2R,2560.875,1039.26171875
L2R,2561.125,1035.24609375
L2R,2561.375,1031.291015625
L2R,2561.625,1027.275390625
L2R,2561.875,1027.275390625
L2R,2562.125,1023.19921875
L2R,2562.375,1019.123046875
L2R,2562.625,1015.046875
L2R,2562.875,1015.046875
L2R,2563.125,1010.970703125
L2R,2563.375,1006.89453125
L2R,2563.625,1002.818359375
L2R,2563.875,1002.818359375
L2R,2564.125,998.7421875
L2R,2564.375,994.60546875
L2R,2564.625,990.529296875
L2R,2564.875,990.529296875
L2R,2565.125,986.453125
L2R,2565.375,982.376953125
L2R,2565.625,978.30078125
L2R,2565.875,978.30078125
L2R,2566.125,974.224609375
L2R,2566.375,970.1484375
L2R,2566.625,966.072265625
L2R,2566.875,966.072265625
L2R,2567.125,961.99609375
L2R,2567.375,957.919921875
L2R,2567.625,953.84375
L2R,2567.875,953.84375
L2R,2568.125,949.767578125
L2R,2568.375,945.69140625
L2R,2568.625,941.615234375
L2R,2568.875,941.615234375
L2R,2569.125,937.5390625
L2R,2569.375,933.462890625
L2R,2569.625,933.40234375
L2R,2569.875,929.326171875
L2R,2570.125,925.25
L2R,2570.375,921.173828125
L2R,2570.625,921.173828125
L2R,2570.875,917.09765625
L2R,2571.125,913.021484375
L2R,2571.375,908.9453125
L2R,2571.625,908.9453125
L2R,2571.875,904.869140625
L2R,2572.125,900.79296875
L2R,2572.375,896.716796875
L2R,2572.625,896.716796875
L2R,2572.875,892.640625
L2R,2573.125,888.564453125
L2R,2573.375,884.48828125
L2R,2573.625,884.48828125
L2R,2573.875,880.412109375
L2R,2574.125,876.275390625
L2R,2574.375,872.19921875
L2R,2574.625,872.19921875
L2R,2574.875,868.18359375
L2R,2575.125,864.16796875
L2R,2575.375,860.03125
L2R,2575.625,860.03125
L2R,2575.875,855.955078125
L2R,2576.125,851.7578125
L2R,2576.375,847.7421875
L2R,2576.625,847.7421875
L2R,2576.875,843.544921875
L2R,2577.125,839.46875
L2R,2577.375,839.46875
L2R,2577.625,835.271484375
L2R,2577.875,831.1953125
L2R,2578.125,826.998046875
L2R,2578.375,826.998046875
L2R,2578.625,822.921875
L2R,2578.875,818.724609375
L2R,2579.125,814.6484375
L2R,2579.375,814.6484375
L2R,2579.625,810.451171875
L2R,2579.875,806.375
L2R,2580.125,810.451171875
L2R,2580.375,818.482421875
L2R,2580.625,826.634765625
L2R,2580.875,834.666015625
L2R,2581.125,846.89453125
L2R,2581.375,855.046875
L2R,2581.625,863.044921875
L2R,2581.875,871.197265625
L2R,2582.125,883.42578125
L2R,2582.375,891.45703125
L2R,2582.625,899.609375
L2R,2582.875,911.837890625
L2R,2583.125,919.869140625
L2R,2583.375,927.83984375
L2R,2583.625,935.9921875
L2R,2583.875,940.068359375
L2R,2584.125,935.87109375
L2R,2584.375,931.794921875
L2R,2584.625,931.734375
L2R,2584.875,927.59765625
L2R,2585.125,923.521484375
L2R,2585.375,919.32421875
L2R,2585.625,919.32421875
L2R,2585.875,915.248046875
L2R,2586.125,915.1875
L2R,2586.375,911.111328125
L2R,2586.625,911.111328125
L2R,2586.875,906.9140625
L2R,2587.125,902.837890625
L2R,2587.375,902.77734375
L2R,2587.625,898.640625
L2R,2587.875,894.443359375
L2R,2588.125,890.185546875
L2R,2588.375,890.185546875
L2R,2588.625,885.927734375
L2R,2588.875,881.669921875
L2R,2589.125,881.669921875
L2R,2589.375,881.48828125
L2R,2589.625,877.23046875
L2R,2589.875,877.23046875
L2R,2590.125,872.97265625
L2R,2590.375,868.681640625
L2R,2590.625,864.423828125
L2R,2590.875,864.423828125
L2R,2591.125,860.166015625
L2R,2591.375,855.908203125
L2R,2591.625,855.908203125
L2R,2591.875,855.7099609375
L2R,2592.125,851.4521484375
L2R,2592.375,851.4521484375
L2R,2592.625,847.1943359375
L2R,2592.875,842.9970703125
L2R,2593.125,842.8759765625
L2R,2593.375,838.7392578125
L2R,2593.625,834.4814453125
L2R,2593.875,842.4521484375
L2R,2594.125,854.6806640625
L2R,2594.375,862.6513671875
L2R,2594.625,870.6220703125
L2R,2594.875,882.8505859375
L2R,2595.125,890.8212890625
L2R,2595.375,898.7919921875
L2R,2595.625,910.9599609375
L2R,2595.875,918.9912109375
L2R,2596.125,926.9619140625
L2R,2596.375,934.8994140625
L2R,2596.625,947.1279296875
L2R,2596.875,955.0986328125
L2R,2597.125,954.9169921875
L2R,2597.375,954.9169921875
L2R,2597.625,950.6591796875
L2R,2597.875,946.384765625
L2R,2598.125,946.384765625
L2R,2598.375,942.126953125
L2R,2598.625,942.005859375
L2R,2598.875,941.82421875
L2R,2599.125,937.748046875
L2R,2599.375,933.490234375
L2R,2599.625,929.232421875
L2R,2599.875,929.232421875
L2R,2600.125,924.974609375
L2R,2600.375,920.716796875
L2R,2600.625,920.716796875
L2R,2600.875,916.458984375
L2R,2601.125,916.27734375
L2R,2601.375,916.15625
L2R,2601.625,912.01953125
L2R,2601.875,907.76171875
L2R,2602.125,903.50390625
L2R,2602.375,903.50390625
L2R,2602.625,899.212890625
L2R,2602.875,894.955078125
L2R,2603.125,894.955078125
L2R,2603.375,894.7734375
L2R,2603.625,890.515625
L2R,2603.875,890.515625
L2R,2604.125,885.9990234375
L2R,2604.375,881.9228515625
L2R,2604.625,881.8623046875
L2R,2604.875,877.7861328125
L2R,2605.125,873.6494140625
L2R,2605.375,889.8935546875
L2R,2605.625,914.3505859375
L2R,2605.875,934.7314453125
L2R,2606.125,955.1728515625
L2R,2606.375,975.5537109375
L2R,2606.625,1000.0712890625
L2R,2606.875,1020.4521484375
L2R,2607.125,1040.8935546875
L2R,2607.375,1061.2744140625
L2R,2607.625,1085.7919921875
L2R,2607.875,1106.1728515625
L2R,2608.125,1126.6142578125
L2R,2608.375,1146.9951171875
L2R,2608.625,1171.5126953125
L2R,2608.875,1191.9541015625
L2R,2609.125,1212.3349609375
L2R,2609.375,1232.7158203125
L2R,2609.625,1257.2333984375
L2R,2609.875,1277.6142578125
L2R,2610.125,1298.0556640625
L2R,2610.375,1318.4365234375
L2R,2610.625,1342.9541015625
L2R,2610.875,1363.3955078125
L2R,2611.125,1359.3193359375
L2R,2611.375,1355.2431640625
L2R,2611.625,1355.3037109375
L2R,2611.875,1351.2880859375
L2R,2612.125,1347.2119140625
L2R,2612.375,1347.2119140625
L2R,2612.625,1347.2724609375
L2R,2612.875,1343.2568359375
L2R,2613.125,1339.1806640625
L2R,2613.375,1339.2412109375
L2R,2613.625,1335.1650390625
L2R,2613.875,1331.1494140625
L2R,2614.125,1327.0732421875
L2R,2614.375,1327.1337890625
L2R,2614.625,1322.9970703125
L2R,2614.875,1318.9814453125
L2R,2615.125,1314.8447265625
L2R,2615.375,1314.9052734375
L2R,2615.625,1310.8896484375
L2R,2615.875,1306.8740234375
L2R,2616.125,1302.7978515625
L2R,2616.375,1302.935546875
L2R,2616.625,1298.919921875
L2R,2616.875,1294.84375
L2R,2617.125,1290.767578125
L2R,2617.375,1298.98046875
L2R,2617.625,1307.193359375
L2R,2617.875,1315.345703125
L2R,2618.125,1323.498046875
L2R,2618.375,1335.787109375
L2R,2618.625,1343.939453125
L2R,2618.875,1352.03125
L2R,2619.125,1364.380859375
L2R,2619.375,1372.59375
L2R,2619.625,1380.806640625
L2R,2619.875,1388.8984375
L2R,2620.125,1401.1875
L2R,2620.375,1401.248046875
L2R,2620.625,1397.171875
L2R,2620.875,1393.15625
L2R,2621.125,1393.216796875
L2R,2621.375,1389.240234375
L2R,2621.625,1385.1640625
L2R,2621.875,1381.109375
L2R,2622.125,1381.169921875
L2R,2622.375,1377.154296875
L2R,2622.625,1373.078125
L2R,2622.875,1369.001953125
L2R,2623.125,1369.0625
L2R,2623.375,1365.046875
L2R,2623.625,1360.970703125
L2R,2623.875,1356.955078125
L2R,2624.125,1357.015625
L2R,2624.375,1353.0
L2R,2624.625,1348.923828125
L2R,2624.875,1344.908203125
L2R,2625.125,1344.96875
L2R,2625.375,1340.953125
L2R,2625.625,1336.876953125
L2R,2625.875,1332.861328125
L2R,2626.125,1332.921875
L2R,2626.375,1328.845703125
L2R,2626.625,1324.830078125
L2R,2626.875,1320.8310546875
L2R,2627.125,1320.96875
L2R,2627.375,1316.892578125
L2R,2627.625,1312.876953125
L2R,2627.875,1308.861328125
L2R,2628.125,1308.921875
L2R,2628.375,1304.845703125
L2R,2628.625,1300.830078125
L2R,2628.875,1296.814453125
L2R,2629.125,1296.875
L2R,2629.375,1292.798828125
L2R,2629.625,1288.783203125
L2R,2629.875,1284.767578125
L2R,2630.125,1284.828125
L2R,2630.375,1280.751953125
L2R,2630.625,1276.736328125
L2R,2630.875,1272.720703125
L2R,2631.125,1272.78125
L2R,2631.375,1268.64453125
L2R,2631.625,1264.62890625
L2R,2631.875,1264.689453125
L2R,2632.125,1260.61328125
L2R,2632.375,1256.59765625
L2R,2632.625,1252.58203125
L2R,2632.875,1252.642578125
L2R,2633.125,1248.56640625
L2R,2633.375,1244.55078125
L2R,2633.625,1240.53515625
L2R,2633.875,1240.65625
L2R,2634.125,1236.580078125
L2R,2634.375,1232.50390625
L2R,2634.625,1228.48828125
L2R,2634.875,1228.548828125
L2R,2635.125,1224.47265625
L2R,2635.375,1220.45703125
L2R,2635.625,1216.44140625
L2R,2635.875,1216.501953125
L2R,2636.125,1212.42578125
L2R,2636.375,1208.48828125
L2R,2636.625,1204.39453125
L2R,2636.875,1204.39453125
L2R,2637.125,1200.37890625
L2R,2637.375,1196.36328125
L2R,2637.625,1192.4248046875
L2R,2637.875,1192.4248046875
L2R,2638.125,1188.486328125
L2R,2638.375,1184.470703125
L2R,2638.625,1180.455078125
L2R,2638.875,1180.455078125
L2R,2639.125,1176.439453125
L2R,2639.375,1172.423828125
L2R,2639.625,1168.34765625
L2R,2639.875,1168.34765625
L2R,2640.125,1164.33203125
L2R,2640.375,1160.31640625
L2R,2640.625,1156.30078125
L2R,2640.875,1156.30078125
L2R,2641.125,1152.28515625
L2R,2641.375,1148.26953125
L2R,2641.625,1144.25390625
L2R,2641.875,1144.25390625
L2R,2642.125,1140.23828125
L2R,2642.375,1136.22265625
L2R,2642.625,1132.20703125
L2R,2642.875,1132.20703125
L2R,2643.125,1128.19140625
L2R,2643.375,1124.17578125
L2R,2643.625,1120.0390625
L2R,2643.875,1120.099609375
L2R,2644.125,1116.083984375
L2R,2644.375,1112.068359375
L2R,2644.625,1107.9921875
L2R,2644.875,1108.052734375
L2R,2645.125,1104.037109375
L2R,2645.375,1100.021484375
L2R,2645.625,1095.9453125
L2R,2645.875,1096.005859375
L2R,2646.125,1091.990234375
L2R,2646.375,1087.974609375
L2R,2646.625,1083.8984375
L2R,2646.875,1083.958984375
L2R,2647.125,1079.8828125
L2R,2647.375,1075.8671875
L2R,2647.625,1071.791015625
L2R,2647.875,1071.8515625
L2R,2648.125,1067.8359375
L2R,2648.375,1063.759765625
L2R,2648.625,1059.8212890625
L2R,2648.875,1060.01953125
L2R,2649.125,1056.00390625
L2R,2649.375,1051.927734375
L2R,2649.625,1047.912109375
L2R,2649.875,1047.97265625
L2R,2650.125,1043.95703125
L2R,2650.375,1039.880859375
L2R,2650.625,1035.865234375
L2R,2650.875,1035.92578125
L2R,2651.125,1031.9267578125
L2R,2651.375,1027.8505859375
L2R,2651.625,1028.109375
L2R,2651.875,1024.033203125
L2R,2652.125,1020.078125
L2R,2652.375,1016.001953125
L2R,2652.625,1016.001953125
L2R,2652.875,1024.154296875
L2R,2653.125,1032.306640625
L2R,2653.375,1040.51953125
L2R,2653.625,1052.748046875
L2R,2653.875,1060.9609375
L2R,2654.125,1069.173828125
L2R,2654.375,1077.38671875
L2R,2654.625,1089.67578125
L2R,2654.875,1097.828125
L2R,2655.125,1106.041015625
L2R,2655.375,1114.25390625
L2R,2655.625,1126.482421875
L2R,2655.875,1130.619140625
L2R,2656.125,1138.83203125
L2R,2656.375,1147.044921875
L2R,2656.625,1159.39453125
L2R,2656.875,1167.607421875
L2R,2657.125,1175.8203125
L2R,2657.375,1183.97265625
L2R,2657.625,1196.26171875
L2R,2657.875,1204.4140625
L2R,2658.125,1208.55078125
L2R,2658.375,1204.6123046875
L2R,2658.625,1204.6123046875
L2R,2658.875,1200.5966796875
L2R,2659.125,1196.5810546875
L2R,2659.375,1192.5654296875
L2R,2659.625,1192.5654296875
L2R,2659.875,1188.5498046875
L2R,2660.125,1184.5341796875
L2R,2660.375,1180.5185546875
L2R,2660.625,1180.5185546875
L2R,2660.875,1176.5029296875
L2R,2661.125,1172.4873046875
L2R,2661.375,1168.4111328125
L2R,2661.625,1168.4716796875
L2R,2661.875,1164.3955078125
L2R,2662.125,1160.3798828125
L2R,2662.375,1156.3037109375
L2R,2662.625,1156.3642578125
L2R,2662.875,1152.3486328125
L2R,2663.125,1148.3330078125
L2R,2663.375,1144.2568359375
L2R,2663.625,1144.3173828125
L2R,2663.875,1140.37890625
L2R,2664.125,1136.302734375
L2R,2664.375,1132.287109375
L2R,2664.625,1132.34765625
L2R,2664.875,1128.271484375
L2R,2665.125,1124.1953125
L2R,2665.375,1120.1796875
L2R,2665.625,1120.30078125
L2R,2665.875,1116.28515625
L2R,2666.125,1112.208984375
L2R,2666.375,1108.193359375
L2R,2666.625,1108.29296875
L2R,2666.875,1104.27734375
L2R,2667.125,1100.162109375
L2R,2667.375,1100.22265625
L2R,2667.625,1096.20703125
L2R,2667.875,1092.130859375
L2R,2668.125,1088.115234375
L2R,2668.375,1088.17578125
L2R,2668.625,1084.16015625
L2R,2668.875,1080.0234375
L2R,2669.125,1076.0078125
L2R,2669.375,1076.1455078125
L2R,2669.625,1072.1298828125
L2R,2669.875,1068.0537109375
L2R,2670.125,1064.0380859375
L2R,2670.375,1064.0986328125
L2R,2670.625,1060.0224609375
L2R,2670.875,1055.9462890625
L2R,2671.125,1051.9306640625
L2R,2671.375,1051.9912109375
L2R,2671.625,1047.9150390625
L2R,2671.875,1043.8994140625
L2R,2672.125,1039.8837890625
L2R,2672.375,1039.9443359375
L2R,2672.625,1035.8681640625
L2R,2672.875,1031.8525390625
L2R,2673.125,1027.8369140625
L2R,2673.375,1027.8974609375
L2R,2673.625,1023.8212890625
L2R,2673.875,1019.7451171875
L2R,2674.125,1015.7294921875
L2R,2674.375,1015.7294921875
L2R,2674.625,1011.7138671875
L2R,2674.875,1007.8359375
L2R,2675.125,1003.759765625
L2R,2675.375,1003.759765625
L2R,2675.625,999.68359375
L2R,2675.875,995.607421875
L2R,2676.125,991.53125
L2R,2676.375,991.53125
L2R,2676.625,987.455078125
L2R,2676.875,983.318359375
L2R,2677.125,979.2421875
L2R,2677.375,979.2421875
L2R,2677.625,975.2265625
L2R,2677.875,971.2109375
L2R,2678.125,967.07421875
L2R,2678.375,967.07421875
L2R,2678.625,962.998046875
L2R,2678.875,958.921875
L2R,2679.125,954.845703125
L2R,2679.375,954.845703125
L2R,2679.625,950.76953125
L2R,2679.875,946.693359375
L2R,2680.125,942.6171875
L2R,2680.375,942.6171875
L2R,2680.625,938.541015625
L2R,2680.875,934.46484375
L2R,2681.125,930.388671875
L2R,2681.375,930.388671875
L2R,2681.625,926.3125
L2R,2681.875,922.236328125
L2R,2682.125,918.16015625
L2R,2682.375,918.16015625
L2R,2682.625,914.083984375
L2R,2682.875,910.0078125
L2R,2683.125,910.0078125
L2R,2683.375,905.87109375
L2R,2683.625,901.85546875
L2R,2683.875,897.71875
L2R,2684.125,897.71875
L2R,2684.375,893.642578125
L2R,2684.625,889.4453125
L2R,2684.875,885.369140625
L2R,2685.125,885.369140625
L2R,2685.375,881.171875
L2R,2685.625,876.9140625
L2R,2685.875,876.9140625
L2R,2686.125,872.837890625
L2R,2686.375,868.640625
L2R,2686.625,864.564453125
L2R,2686.875,864.564453125
L2R,2687.125,860.3671875
L2R,2687.375,856.291015625
L2R,2687.625,856.169921875
L2R,2687.875,852.09375
L2R,2688.125,848.017578125
L2R,2688.375,843.8203125
L2R,2688.625,843.8203125
L2R,2688.875,839.744140625
L2R,2689.125,835.513671875
L2R,2689.375,831.255859375
L2R,2689.625,831.255859375
L2R,2689.875,827.1796875
L2R,2690.125,822.982421875
L2R,2690.375,822.982421875
L2R,2690.625,818.90625
L2R,2690.875,814.708984375
L2R,2691.125,810.6328125
L2R,2691.375,810.6328125
L2R,2691.625,806.435546875
L2R,2691.875,802.419921875
L2R,2692.125,798.22265625
L2R,2692.375,798.22265625
L2R,2692.625,793.96484375
L2R,2692.875,789.888671875
L2R,2693.125,789.888671875
L2R,2693.375,785.69140625
L2R,2693.625,781.615234375
L2R,2693.875,777.478515625
L2R,2694.125,777.478515625
L2R,2694.375,773.40234375
L2R,2694.625,769.205078125
L2R,2694.875,765.12890625
L2R,2695.125,765.12890625
L2R,2695.375,760.931640625
L2R,2695.625,756.673828125
L2R,2695.875,756.673828125
L2R,2696.125,752.59765625
L2R,2696.375,748.400390625
L2R,2696.625,744.32421875
L2R,2696.875,744.32421875
L2R,2697.125,740.126953125
L2R,2697.375,736.05078125
L2R,2697.625,735.990234375
L2R,2697.875,731.853515625
L2R,2698.125,727.77734375
L2R,2698.375,723.580078125
L2R,2698.625,723.580078125
L2R,2698.875,719.322265625
L2R,2699.125,715.24609375
L2R,2699.375,715.091796875
L2R,2699.625,711.015625
L2R,2699.875,706.939453125
L2R,2700.125,702.7421875
L2R,2700.375,702.7421875
L2R,2700.625,698.666015625
L2R,2700.875,694.46875
L2R,2701.125,690.2109375
L2R,2701.375,690.2109375
L2R,2701.625,686.134765625
L2R,2701.875,681.9375
L2R,2702.125,681.9375
L2R,2702.375,677.861328125
L2R,2702.625,673.6640625
L2R,2702.875,669.587890625
L2R,2703.125,669.587890625
L2R,2703.375,665.390625
L2R,2703.625,661.314453125
L2R,2703.875,657.177734375
L2R,2704.125,657.177734375
L2R,2704.375,653.162109375
L2R,2704.625,648.96484375
L2R,2704.875,648.96484375
L2R,2705.125,644.70703125
L2R,2705.375,640.630859375
L2R,2705.625,636.43359375
L2R,2705.875,636.43359375
L2R,2706.125,632.357421875
L2R,2706.375,628.16015625
L2R,2706.625,624.083984375
L2R,2706.875,624.083984375
L2R,2707.125,619.88671875
L2R,2707.375,615.810546875
L2R,2707.625,615.810546875
L2R,2707.875,611.61328125
L2R,2708.125,607.35546875
L2R,2708.375,603.279296875
L2R,2708.625,603.279296875
L2R,2708.875,599.08203125
L2R,2709.125,595.005859375
L2R,2709.375,595.005859375
L2R,2709.625,590.80859375
L2R,2709.875,586.732421875
L2R,2710.125,582.501953125
L2R,2710.375,582.501953125
L2R,2710.625,578.42578125
L2R,2710.875,574.228515625
L2R,2711.125,574.046875
L2R,2711.375,569.970703125
L2R,2711.625,565.89453125
L2R,2711.875,561.697265625
L2R,2712.125,561.697265625
L2R,2712.375,557.62109375
L2R,2712.625,553.423828125
L2R,2712.875,549.34765625
L2R,2713.125,549.34765625
L2R,2713.375,545.150390625
L2R,2713.625,541.07421875
L2R,2713.875,541.013671875
L2R,2714.125,536.634765625
L2R,2714.375,532.4375
L2R,2714.625,528.361328125
L2R,2714.875,528.361328125
L2R,2715.125,524.1640625
L2R,2715.375,520.087890625
L2R,2715.625,520.087890625
L2R,2715.875,515.890625
L2R,2716.125,511.693359375
L2R,2716.375,507.435546875
L2R,2716.625,507.435546875
L2R,2716.875,503.1611328125
L2R,2717.125,498.9033203125
L2R,2717.375,498.9033203125
L2R,2717.625,494.6455078125
L2R,2717.875,490.3876953125
L2R,2718.125,490.3876953125
L2R,2718.375,486.0966796875
L2R,2718.625,481.8388671875
L2R,2718.875,481.7177734375
L2R,2719.125,477.5810546875
L2R,2719.375,473.3232421875
L2R,2719.625,469.0654296875
L2R,2719.875,469.0654296875
L2R,2720.125,464.7744140625
L2R,2720.375,460.5166015625
L2R,2720.625,460.5166015625
L2R,2720.875,456.2587890625
L2R,2721.125,452.0615234375
L2R,2721.375,452.0615234375
L2R,2721.625,447.8037109375
L2R,2721.875,443.5458984375
L2R,2722.125,439.4091796875
L2R,2722.375,439.4091796875
L2R,2722.625,435.2724609375
L2R,2722.875,431.119140625
L2R,2723.125,431.05859375
L2R,2723.375,426.982421875
L2R,2723.625,422.845703125
L2R,2723.875,418.708984375
L2R,2724.125,418.708984375
L2R,2724.375,414.572265625
L2R,2724.625,410.435546875
L2R,2724.875,406.298828125
L2R,2725.125,406.298828125
L2R,2725.375,402.162109375
L2R,2725.625,398.025390625
L2R,2725.875,393.888671875
L2R,2726.125,393.888671875
L2R,2726.375,389.751953125
L2R,2726.625,385.67578125
L2R,2726.875,385.615234375
L2R,2727.125,381.5390625
L2R,2727.375,377.40234375
L2R,2727.625,373.265625
L2R,2727.875,373.265625
L2R,2728.125,369.12890625
L2R,2728.375,364.9921875
L2R,2728.625,360.8388671875
L2R,2728.875,360.8388671875
L2R,2729.125,356.7021484375
L2R,2729.375,352.5654296875
L2R,2729.625,348.4287109375
L2R,2729.875,348.4287109375
L2R,2730.125,344.2919921875
L2R,2730.375,340.1552734375
L2R,2730.625,340.1552734375
L2R,2730.875,335.8974609375
L2R,2731.125,331.7607421875
L2R,2731.375,327.5029296875
L2R,2731.625,327.5029296875
L2R,2731.875,323.3662109375
L2R,2732.125,319.2900390625
L2R,2732.375,319.2900390625
L2R,2732.625,315.1533203125
L2R,2732.875,311.0166015625
L2R,2733.125,306.8798828125
L2R,2733.375,306.8798828125
L2R,2733.625,302.7431640625
L2R,2733.875,298.58984375
L2R,2734.125,302.60546875
L2R,2734.375,314.833984375
L2R,2734.625,322.92578125
L2R,2734.875,331.078125
L2R,2735.125,339.23046875
L2R,2735.375,351.51953125
L2R,2735.625,359.671875
L2R,2735.875,367.884765625
L2R,2736.125,376.09765625
L2R,2736.375,388.38671875
L2R,2736.625,396.5390625
L2R,2736.875,404.751953125
L2R,2737.125,412.96484375
L2R,2737.375,425.25390625
L2R,2737.625,433.40625
L2R,2737.875,437.54296875
L2R,2738.125,445.755859375
L2R,2738.375,458.044921875
L2R,2738.625,466.197265625
L2R,2738.875,474.41015625
L2R,2739.125,482.623046875
L2R,2739.375,494.912109375
L2R,2739.625,490.9736328125
L2R,2739.875,486.9580078125
L2R,2740.125,482.9423828125
L2R,2740.375,483.0029296875
L2R,2740.625,478.9873046875
L2R,2740.875,474.9111328125
L2R,2741.125,470.8955078125
L2R,2741.375,470.9560546875
L2R,2741.625,466.8798828125
L2R,2741.875,462.8037109375
L2R,2742.125,462.8642578125
L2R,2742.375,458.8486328125
L2R,2742.625,454.7724609375
L2R,2742.875,450.7568359375
L2R,2743.125,450.8173828125
L2R,2743.375,446.8017578125
L2R,2743.625,442.7255859375
L2R,2743.875,438.6494140625
L2R,2744.125,438.7099609375
L2R,2744.375,434.6943359375
L2R,2744.625,430.6181640625
L2R,2744.875,426.6025390625
L2R,2745.125,426.740234375
L2R,2745.375,422.724609375
L2R,2745.625,418.6484375
L2R,2745.875,414.6328125
L2R,2746.125,414.693359375
L2R,2746.375,410.6171875
L2R,2746.625,406.6015625
L2R,2746.875,402.5859375
L2R,2747.125,402.646484375
L2R,2747.375,398.5703125
L2R,2747.625,394.494140625
L2R,2747.875,390.478515625
L2R,2748.125,390.5390625
L2R,2748.375,386.462890625
L2R,2748.625,382.447265625
L2R,2748.875,378.431640625
L2R,2749.125,378.4921875
L2R,2749.375,374.416015625
L2R,2749.625,370.478515625
L2R,2749.875,366.4453125
L2R,2750.125,366.505859375
L2R,2750.375,362.4296875
L2R,2750.625,358.4306640625
L2R,2750.875,354.4150390625
L2R,2751.125,354.4150390625
L2R,2751.375,350.3994140625
L2R,2751.625,346.3837890625
L2R,2751.875,342.3681640625
L2R,2752.125,342.3681640625
L2R,2752.375,338.3525390625
L2R,2752.625,334.3369140625
L2R,2752.875,330.3212890625
L2R,2753.125,330.3212890625
L2R,2753.375,326.1845703125
L2R,2753.625,322.1689453125
L2R,2753.875,322.2294921875
L2R,2754.125,318.1533203125
L2R,2754.375,314.1376953125
L2R,2754.625,310.1220703125
L2R,2754.875,310.1220703125
L2R,2755.125,306.1064453125
L2R,2755.375,301.9697265625
L2R,2755.625,297.9541015625
L2R,2755.875,297.9541015625
L2R,2756.125,294.076171875
L2R,2756.375,290.0
L2R,2756.625,285.923828125
L2R,2756.875,285.923828125
L2R,2757.125,281.84765625
L2R,2757.375,277.771484375
L2R,2757.625,273.6953125
L2R,2757.875,273.6953125
L2R,2758.125,269.619140625
L2R,2758.375,265.603515625
L2R,2758.625,261.52734375
L2R,2758.875,261.52734375
L2R,2759.125,257.390625
L2R,2759.375,253.375
L2R,2759.625,249.298828125
L2R,2759.875,249.298828125
L2R,2760.125,245.22265625
L2R,2760.375,241.146484375
L2R,2760.625,237.0703125
L2R,2760.875,237.0703125
L2R,2761.125,232.994140625
L2R,2761.375,228.91796875
L2R,2761.625,224.841796875
L2R,2761.875,224.841796875
L2R,2762.125,220.705078125
L2R,2762.375,216.62890625
L2R,2762.625,212.552734375
L2R,2762.875,212.552734375
L2R,2763.125,208.4765625
L2R,2763.375,204.400390625
L2R,2763.625,200.32421875
L2R,2763.875,200.32421875
L2R,2764.125,196.248046875
L2R,2764.375,192.111328125
L2R,2764.625,188.03515625
L2R,2764.875,188.03515625
L2R,2765.125,183.958984375
L2R,2765.375,179.8828125
L2R,2765.625,175.806640625
L2R,2765.875,175.806640625
L2R,2766.125,171.73046875
L2R,2766.375,167.654296875
L2R,2766.625,163.578125
L2R,2766.875,163.578125
L2R,2767.125,159.501953125
L2R,2767.375,155.42578125
L2R,2767.625,151.349609375
L2R,2767.875,151.349609375
L2R,2768.125,147.212890625
L2R,2768.375,143.13671875
L2R,2768.625,143.13671875
L2R,2768.875,139.12109375
L2R,2769.125,135.044921875
L2R,2769.375,130.908203125
L2R,2769.625,130.908203125
L2R,2769.875,126.83203125
L2R,2770.125,122.81640625
L2R,2770.375,118.740234375
L2R,2770.625,118.740234375
L2R,2770.875,114.603515625
L2R,2771.125,110.52734375
L2R,2771.375,106.451171875
L2R,2771.625,106.451171875
L2R,2771.875,102.375
L2R,2772.125,98.298828125
L2R,2772.375,94.22265625
L2R,2772.625,94.22265625
L2R,2772.875,90.146484375
L2R,2773.125,86.009765625
L2R,2773.375,81.93359375
L2R,2773.625,81.93359375
L2R,2773.875,77.857421875
L2R,2774.125,73.78125
L2R,2774.375,69.705078125
L2R,2774.625,69.705078125
L2R,2774.875,65.62890625
L2R,2775.125,61.552734375
L2R,2775.375,57.4765625
L2R,2775.625,57.4765625
L2R,2775.875,53.400390625
L2R,2776.125,49.263671875
L2R,2776.375,45.1875
L2R,2776.625,45.1875
L2R,2776.875,41.111328125
L2R,2777.125,37.03515625
L2R,2777.375,32.958984375
L2R,2777.625,32.958984375
L2R,2777.875,28.8828125
L2R,2778.125,24.806640625
L2R,2778.375,20.73046875
L2R,2778.625,20.73046875
L2R,2778.875,16.533203125
L2R,2779.125,12.396484375
L2R,2779.375,12.396484375
L2R,2779.625,8.259765625
L2R,2779.875,4.123046875
L2R,2780.125,3.7431640625
L2R,2780.375,2.212890625
L2R,2780.625,0.7431640625
L2R,2780.875,0.0
L2R,2781.125,0.0
L2R,2781.375,0.0
L2R,2781.625,0.0
L2R,2781.875,0.0
L2R,2782.125,0.0
L2R,2782.375,0.0
L2R,2782.625,0.0
L2R,2782.875,0.0
L2R,2783.125,0.0
L2R,2783.375,0.0
L2R,2783.625,4.076171875
L2R,2783.875,12.228515625
L2R,2784.125,24.45703125
L2R,2784.375,32.669921875
L2R,2784.625,40.8828125
L2R,2784.875,49.095703125
L2R,2785.125,61.384765625
L2R,2785.375,69.537109375
L2R,2785.625,77.75
L2R,2785.875,85.962890625
L2R,2786.125,98.251953125
L2R,2786.375,106.404296875
L2R,2786.625,114.556640625
L2R,2786.875,122.76953125
L2R,2787.125,135.05859375
L2R,2787.375,143.2109375
L2R,2787.625,151.423828125
L2R,2787.875,159.576171875
L2R,2788.125,171.865234375
L2R,2788.375,180.017578125
L2R,2788.625,188.23046875
L2R,2788.875,196.3828125
L2R,2789.125,208.7490234375
L2R,2789.375,204.6728515625
L2R,2789.625,200.6572265625
L2R,2789.875,196.6416015625
L2R,2790.125,196.7021484375
L2R,2790.375,192.5654296875
L2R,2790.625,188.5498046875
L2R,2790.875,184.5341796875
L2R,2791.125,184.5947265625
L2R,2791.375,180.5185546875
L2R,2791.625,176.4423828125
L2R,2791.875,172.4267578125
L2R,2792.125,172.4873046875
L2R,2792.375,168.4111328125
L2R,2792.625,164.3955078125
L2R,2792.875,164.4560546875
L2R,2793.125,160.3798828125
L2R,2793.375,156.3037109375
L2R,2793.625,152.2880859375
L2R,2793.875,152.3486328125
L2R,2794.125,148.3330078125
L2R,2794.375,144.1962890625
L2R,2794.625,140.2578125
L2R,2794.875,140.318359375
L2R,2795.125,136.302734375
L2R,2795.375,132.2265625
L2R,2795.625,128.150390625
L2R,2795.875,128.2109375
L2R,2796.125,124.1953125
L2R,2796.375,120.119140625
L2R,2796.625,116.103515625
L2R,2796.875,116.1640625
L2R,2797.125,112.087890625
L2R,2797.375,108.01171875
L2R,2797.625,103.99609375
L2R,2797.875,104.056640625
L2R,2798.125,99.98046875
L2R,2798.375,95.904296875
L2R,2798.625,91.888671875
L2R,2798.875,91.94921875
L2R,2799.125,87.873046875
L2R,2799.375,83.935546875
L2R,2799.625,83.857421875
L2R,2799.875,79.9189453125
L2R,2800.125,75.8427734375
L2R,2800.375,71.8271484375
L2R,2800.625,71.8876953125
L2R,2800.875,67.8720703125
L2R,2801.125,63.7353515625
L2R,2801.375,59.7197265625
L2R,2801.625,59.7802734375
L2R,2801.875,55.7646484375
L2R,2802.125,51.6884765625
L2R,2802.375,47.6123046875
L2R,2802.625,47.6728515625
L2R,2802.875,43.6572265625
L2R,2803.125,39.5810546875
L2R,2803.375,35.5654296875
L2R,2803.625,35.6259765625
L2R,2803.875,31.6103515625
L2R,2804.125,27.4736328125
L2R,2804.375,23.4580078125
L2R,2804.625,23.5185546875
L2R,2804.875,19.5029296875
L2R,2805.125,15.4267578125
L2R,2805.375,11.427734375
L2R,2805.625,11.48828125
L2R,2805.875,7.412109375
L2R,2806.125,3.396484375
L2R,2806.375,3.1982421875
L2R,2806.625,1.8662109375
L2R,2806.875,0.3798828125
L2R,2807.125,0.060546875
L2R,2807.375,0.0
L2R,2807.625,0.0
L2R,2807.875,0.0
L2R,2808.125,0.0
L2R,2808.375,0.0
L2R,2808.625,0.0
L2R,2808.875,0.0
L2R,2809.125,0.0
L2R,2809.375,0.0
L2R,2809.625,0.0
L2R,2809.875,0.0
L2R,2810.125,0.0
L2R,2810.375,0.0
L2R,2810.625,0.0
L2R,2810.875,0.0
L2R,2811.125,0.0
L2R,2811.375,0.0
L2R,2811.625,0.0
L2R,2811.875,0.0
L2R,2812.125,0.0
L2R,2812.375,0.0
L2R,2812.625,0.0
L2R,2812.875,0.0
L2R,2813.125,0.0
L2R,2813.375,0.0
L2R,2813.625,0.0
L2R,2813.875,0.0
L2R,2814.125,0.0
L2R,2814.375,0.0
L2R,2814.625,0.0
L2R,2814.875,0.0
L2R,2815.125,0.0
L2R,2815.375,0.0
L2R,2815.625,0.0
L2R,2815.875,0.0
L2R,2816.125,0.0
L2R,2816.375,0.0
L2R,2816.625,0.0
L2R,2816.875,0.0
L2R,2817.125,0.0
L2R,2817.375,0.0
L2R,2817.625,0.0
L2R,2817.875,0.0
L2R,2818.125,0.0
L2R,2818.375,0.0
L2R,2818.625,0.0
L2R,2818.875,0.0
L2R,2819.125,0.0
L2R,2819.375,0.0
L2R,2819.625,0.0
L2R,2819.875,0.0
L2R,2820.125,0.0
L2R,2820.375,0.0
L2R,2820.625,0.0
L2R,2820.875,0.0
L2R,2821.125,0.0
L2R,2821.375,0.0
L2R,2821.625,0.0
L2R,2821.875,0.0
L2R,2822.125,0.0
L2R,2822.375,0.0
L2R,2822.625,0.0
L2R,2822.875,0.0
L2R,2823.125,0.0
L2R,2823.375,0.0
L2R,2823.625,0.0
L2R,2823.875,0.0
L2R,2824.125,0.0
L2R,2824.375,0.0
L2R,2824.625,0.0
L2R,2824.875,0.0
L2R,2825.125,0.0
L2R,2825.375,0.0
L2R,2825.625,0.0
L2R,2825.875,0.0
L2R,2826.125,0.0
L2R,2826.375,0.0
L2R,2826.625,0.0
L2R,2826.875,0.0
L2R,2827.125,0.0
L2R,2827.375,0.0
L2R,2827.625,0.0
L2R,2827.875,0.0
L2R,2828.125,0.0
L2R,2828.375,0.0
L2R,2828.625,0.0
L2R,2828.875,0.0
L2R,2829.125,0.0
L2R,2829.375,0.0
L2R,2829.625,0.0
L2R,2829.875,0.0
L2R,2830.125,0.0
L2R,2830.375,0.0
L2R,2830.625,0.0
L2R,2830.875,0.0
L2R,2831.125,0.0
L2R,2831.375,0.0
L2R,2831.625,0.0
L2R,2831.875,0.0
L2R,2832.125,0.0
L2R,2832.375,0.0
L2R,2832.625,0.0
L2R,2832.875,0.0
L2R,2833.125,0.0
L2R,2833.375,0.0
L2R,2833.625,0.0
L2R,2833.875,0.0
L2R,2834.125,0.0
L2R,2834.375,0.0
L2R,2834.625,0.0
L2R,2834.875,0.0
L2R,2835.125,0.0
L2R,2835.375,0.0
L2R,2835.625,0.0
L2R,2835.875,0.0
L2R,2836.125,0.0
L2R,2836.375,0.0
L2R,2836.625,0.0
L2R,2836.875,0.0
L2R,2837.125,0.0
L2R,2837.375,0.0
L2R,2837.625,0.0
L2R,2837.875,0.0
L2R,2838.125,0.0
L2R,2838.375,0.0
L2R,2838.625,0.0
L2R,2838.875,0.0
L2R,2839.125,0.0
L2R,2839.375,0.0
L2R,2839.625,0.0
L2R,2839.875,0.0
L2R,2840.125,0.0
L2R,2840.375,0.0
L2R,2840.625,0.0
L2R,2840.875,0.0
L2R,2841.125,0.0
L2R,2841.375,0.0
L2R,2841.625,0.0
L2R,2841.875,0.0
L2R,2842.125,0.0
L2R,2842.375,0.0
L2R,2842.625,0.0
L2R,2842.875,0.0
L2R,2843.125,0.0
L2R,2843.375,0.0
L2R,2843.625,0.0
L2R,2843.875,0.0
L2R,2844.125,0.0
L2R,2844.375,0.0
L2R,2844.625,0.0
L2R,2844.875,0.0
L2R,2845.125,0.0
L2R,2845.375,0.0
L2R,2845.625,0.0
L2R,2845.875,0.0
L2R,2846.125,0.0
L2R,2846.375,0.0
L2R,2846.625,0.0
L2R,2846.875,0.0
L2R,2847.125,0.0
L2R,2847.375,0.0
L2R,2847.625,0.0
L2R,2847.875,0.0
L2R,2848.125,0.0
L2R,2848.375,0.0
L2R,2848.625,0.0
L2R,2848.875,0.0
L2R,2849.125,0.0
L2R,2849.375,0.0
L2R,2849.625,0.0
L2R,2849.875,0.0
L2R,2850.125,0.0
L2R,2850.375,0.0
L2R,2850.625,0.0
L2R,2850.875,0.0
L2R,2851.125,0.0
L2R,2851.375,0.0
L2R,2851.625,0.0
L2R,2851.875,0.0
L2R,2852.125,0.0
L2R,2852.375,0.0
L2R,2852.625,0.0
L2R,2852.875,0.0
L2R,2853.125,0.0
L2R,2853.375,0.0
L2R,2853.625,0.0
L2R,2853.875,0.0
L2R,2854.125,0.0
L2R,2854.375,0.0
L2R,2854.625,0.0
L2R,2854.875,0.0
L2R,2855.125,0.0
L2R,2855.375,0.0
L2R,2855.625,0.0
L2R,2855.875,0.0
L2R,2856.125,0.0
L2R,2856.375,0.0
L2R,2856.625,0.0
L2R,2856.875,0.0
L2R,2857.125,0.0
L2R,2857.375,0.0
L2R,2857.625,0.0
L2R,2857.875,0.0
L2R,2858.125,0.0
L2R,2858.375,0.0
L2R,2858.625,0.0
L2R,2858.875,0.0
L2R,2859.125,0.0
L2R,2859.375,0.0
L2R,2859.625,0.0
L2R,2859.875,0.0
L2R,2860.125,0.0
L2R,2860.375,0.0
L2R,2860.625,0.0
L2R,2860.875,0.0
L2R,2861.125,0.0
L2R,2861.375,0.0
L2R,2861.625,0.0
L2R,2861.875,0.0
L2R,2862.125,0.0
L2R,2862.375,0.0
L2R,2862.625,0.0
L2R,2862.875,0.0
L2R,2863.125,0.0
L2R,2863.375,0.0
L2R,2863.625,0.0
L2R,2863.875,0.0
L2R,2864.125,0.0
L2R,2864.375,0.0
L2R,2864.625,0.0
L2R,2864.875,0.0
L2R,2865.125,0.0
L2R,2865.375,0.0
L2R,2865.625,0.0
L2R,2865.875,0.0
L2R,2866.125,0.0
L2R,2866.375,0.0
L2R,2866.625,0.0
L2R,2866.875,0.0
L2R,2867.125,0.0
L2R,2867.375,0.0
L2R,2867.625,0.0
L2R,2867.875,0.0
L2R,2868.125,0.0
L2R,2868.375,0.0
L2R,2868.625,0.0
L2R,2868.875,0.0
L2R,2869.125,0.0
L2R,2869.375,0.0
L2R,2869.625,0.0
L2R,2869.875,0.0
L2R,2870.125,0.0
L2R,2870.375,0.0
L2R,2870.625,0.0
L2R,2870.875,0.0
L2R,2871.125,0.0
L2R,2871.375,0.0
L2R,2871.625,0.0
L2R,2871.875,0.0
L2R,2872.125,0.0
L2R,2872.375,0.0
L2R,2872.625,0.0
L2R,2872.875,0.0
L2R,2873.125,0.0
L2R,2873.375,0.0
L2R,2873.625,0.0
L2R,2873.875,0.0
L2R,2874.125,0.0
L2R,2874.375,0.0
L2R,2874.625,0.0
L2R,2874.875,0.0
L2R,2875.125,0.0
L2R,2875.375,0.0
L2R,2875.625,0.0
L2R,2875.875,0.0
L2R,2876.125,0.0
L2R,2876.375,0.0
L2R,2876.625,0.0
L2R,2876.875,0.0
L2R,2877.125,0.0
L2R,2877.375,0.0
L2R,2877.625,0.0
L2R,2877.875,0.0
L2R,2878.125,0.0
L2R,2878.375,0.0
L2R,2878.625,0.0
L2R,2878.875,0.0
L2R,2879.125,0.0
L2R,2879.375,0.0
L2R,2879.625,0.0
L2R,2879.875,0.0
L2R,2880.125,0.0
L2R,2880.375,0.0
L2R,2880.625,0.0
L2R,2880.875,0.0
L2R,2881.125,0.0
L2R,2881.375,0.0
L2R,2881.625,0.0
L2R,2881.875,0.0
L2R,2882.125,0.0
L2R,2882.375,0.0
L2R,2882.625,0.0
L2R,2882.875,0.0
L2R,2883.125,0.0
L2R,2883.375,0.0
L2R,2883.625,0.0
L2R,2883.875,0.0
L2R,2884.125,0.0
L2R,2884.375,0.0
L2R,2884.625,0.0
L2R,2884.875,0.0
L2R,2885.125,0.0
L2R,2885.375,0.0
L2R,2885.625,0.0
L2R,2885.875,0.0
L2R,2886.125,0.0
L2R,2886.375,0.0
L2R,2886.625,0.0
L2R,2886.875,0.0
L2R,2887.125,0.0
L2R,2887.375,0.0
L2R,2887.625,0.0
L2R,2887.875,0.0
L2R,2888.125,0.0
L2R,2888.375,0.0
L2R,2888.625,0.0
L2R,2888.875,0.0
L2R,2889.125,0.0
L2R,2889.375,0.0
L2R,2889.625,0.0
L2R,2889.875,0.0
L2R,2890.125,0.0
L2R,2890.375,0.0
L2R,2890.625,0.0
L2R,2890.875,0.0
L2R,2891.125,0.0
L2R,2891.375,0.0
L2R,2891.625,0.0
L2R,2891.875,0.0
L2R,2892.125,0.0
L2R,2892.375,0.0
L2R,2892.625,0.0
L2R,2892.875,0.0
L2R,2893.125,0.0
L2R,2893.375,0.0
L2R,2893.625,0.0
L2R,2893.875,0.0
L2R,2894.125,0.0
L2R,2894.375,0.0
L2R,2894.625,0.0
L2R,2894.875,0.0
L2R,2895.125,0.0
L2R,2895.375,0.0
L2R,2895.625,0.0
L2R,2895.875,0.0
L2R,2896.125,0.0
L2R,2896.375,0.0
L2R,2896.625,0.0
L2R,2896.875,0.0
L2R,2897.125,0.0
L2R,2897.375,0.0
L2R,2897.625,0.0
L2R,2897.875,0.0
L2R,2898.125,0.0
L2R,2898.375,0.0
L2R,2898.625,0.0
L2R,2898.875,0.0
L2R,2899.125,0.0
L2R,2899.375,0.0
L2R,2899.625,0.0
L2R,2899.875,0.0
L2R,2900.125,0.0
L2R,2900.375,12.228515625
L2R,2900.625,20.380859375
L2R,2900.875,28.533203125
L2R,2901.125,40.76171875
L2R,2901.375,48.9140625
L2R,2901.625,57.06640625
L2R,2901.875,65.21875
L2R,2902.125,77.447265625
L2R,2902.375,85.599609375
L2R,2902.625,93.751953125
L2R,2902.875,101.904296875
L2R,2903.125,114.1328125
L2R,2903.375,122.28515625
L2R,2903.625,130.4375
L2R,2903.875,138.58984375
L2R,2904.125,150.818359375
L2R,2904.375,158.970703125
L2R,2904.625,167.123046875
L2R,2904.875,175.275390625
L2R,2905.125,187.50390625
L2R,2905.375,195.65625
L2R,2905.625,203.80859375
L2R,2905.875,212.021484375
L2R,2906.125,220.173828125
L2R,2906.375,228.326171875
L2R,2906.625,236.478515625
L2R,2906.875,244.630859375
L2R,2907.125,256.859375
L2R,2907.375,265.01171875
L2R,2907.625,273.1640625
L2R,2907.875,281.31640625
L2R,2908.125,293.544921875
L2R,2908.375,301.697265625
L2R,2908.625,309.849609375
L2R,2908.875,318.001953125
L2R,2909.125,330.23046875
L2R,2909.375,338.3828125
L2R,2909.625,346.53515625
L2R,2909.875,354.6875
L2R,2910.125,366.916015625
L2R,2910.375,375.068359375
L2R,2910.625,383.220703125
L2R,2910.875,387.296875
L2R,2911.125,387.296875
L2R,2911.375,383.28125
L2R,2911.625,379.205078125
L2R,2911.875,375.12890625
L2R,2912.125,375.12890625
L2R,2912.375,371.052734375
L2R,2912.625,366.9765625
L2R,2912.875,362.900390625
L2R,2913.125,362.900390625
L2R,2913.375,358.82421875
L2R,2913.625,354.748046875
L2R,2913.875,350.671875
L2R,2914.125,350.671875
L2R,2914.375,346.595703125
L2R,2914.625,342.51953125
L2R,2914.875,338.443359375
L2R,2915.125,338.443359375
L2R,2915.375,334.3671875
L2R,2915.625,330.291015625
L2R,2915.875,326.21484375
L2R,2916.125,326.21484375
L2R,2916.375,322.138671875
L2R,2916.625,318.123046875
L2R,2916.875,314.046875
L2R,2917.125,314.046875
L2R,2917.375,309.970703125
L2R,2917.625,305.89453125
L2R,2917.875,301.818359375
L2R,2918.125,301.818359375
L2R,2918.375,297.7421875
L2R,2918.625,293.666015625
L2R,2918.875,289.58984375
L2R,2919.125,289.58984375
L2R,2919.375,285.513671875
L2R,2919.625,281.4375
L2R,2919.875,277.361328125
L2R,2920.125,281.4375
L2R,2920.375,289.58984375
L2R,2920.625,297.7421875
L2R,2920.875,305.89453125
L2R,2921.125,318.123046875
L2R,2921.375,326.275390625
L2R,2921.625,334.427734375
L2R,2921.875,342.580078125
L2R,2922.125,350.79296875
L2R,2922.375,358.9453125
L2R,2922.625,367.09765625
L2R,2922.875,375.25
L2R,2923.125,387.478515625
L2R,2923.375,395.630859375
L2R,2923.625,403.72265625
L2R,2923.875,411.875
L2R,2924.125,424.103515625
L2R,2924.375,432.255859375
L2R,2924.625,440.408203125
L2R,2924.875,448.560546875
L2R,2925.125,460.7890625
L2R,2925.375,468.94140625
L2R,2925.625,477.09375
L2R,2925.875,485.24609375
L2R,2926.125,497.474609375
L2R,2926.375,505.626953125
L2R,2926.625,513.779296875
L2R,2926.875,521.931640625
L2R,2927.125,534.16015625
L2R,2927.375,542.373046875
L2R,2927.625,550.525390625
L2R,2927.875,558.677734375
L2R,2928.125,570.90625
L2R,2928.375,579.05859375
L2R,2928.625,587.2109375
L2R,2928.875,595.36328125
L2R,2929.125,607.591796875
L2R,2929.375,615.744140625
L2R,2929.625,623.896484375
L2R,2929.875,632.048828125
L2R,2930.125,644.27734375
L2R,2930.375,652.4296875
L2R,2930.625,660.58203125
L2R,2930.875,664.658203125
L2R,2931.125,664.658203125
L2R,2931.375,660.58203125
L2R,2931.625,656.505859375
L2R,2931.875,652.4296875
L2R,2932.125,652.4296875
L2R,2932.375,648.353515625
L2R,2932.625,644.337890625
L2R,2932.875,640.26171875
L2R,2933.125,640.26171875
L2R,2933.375,636.185546875
L2R,2933.625,632.109375
L2R,2933.875,628.033203125
L2R,2934.125,628.033203125
L2R,2934.375,623.95703125
L2R,2934.625,619.880859375
L2R,2934.875,615.8046875
L2R,2935.125,615.8046875
L2R,2935.375,611.728515625
L2R,2935.625,607.65234375
L2R,2935.875,603.576171875
L2R,2936.125,603.576171875
L2R,2936.375,599.5
L2R,2936.625,595.423828125
L2R,2936.875,591.34765625
L2R,2937.125,591.34765625
L2R,2937.375,587.271484375
L2R,2937.625,583.1953125
L2R,2937.875,579.1796875
L2R,2938.125,579.1796875
L2R,2938.375,575.103515625
L2R,2938.625,571.02734375
L2R,2938.875,566.951171875
L2R,2939.125,566.951171875
L2R,2939.375,562.875
L2R,2939.625,558.798828125
L2R,2939.875,554.72265625
L2R,2940.125,554.72265625
L2R,2940.375,550.646484375
L2R,2940.625,546.5703125
L2R,2940.875,542.494140625
L2R,2941.125,542.494140625
L2R,2941.375,538.41796875
L2R,2941.625,534.341796875
L2R,2941.875,530.265625
L2R,2942.125,530.265625
L2R,2942.375,526.189453125
L2R,2942.625,522.11328125
L2R,2942.875,522.11328125
L2R,2943.125,517.916015625
L2R,2943.375,513.900390625
L2R,2943.625,509.82421875
L2R,2943.875,509.82421875
L2R,2944.125,505.748046875
L2R,2944.375,501.671875
L2R,2944.625,497.595703125
L2R,2944.875,497.595703125
L2R,2945.125,493.51953125
L2R,2945.375,489.443359375
L2R,2945.625,485.3671875
L2R,2945.875,485.3671875
L2R,2946.125,481.291015625
L2R,2946.375,477.21484375
L2R,2946.625,473.138671875
L2R,2946.875,473.138671875
L2R,2947.125,469.0625
L2R,2947.375,464.986328125
L2R,2947.625,460.91015625
L2R,2947.875,460.91015625
L2R,2948.125,456.833984375
L2R,2948.375,452.7578125
L2R,2948.625,448.7421875
L2R,2948.875,448.7421875
L2R,2949.125,444.666015625
L2R,2949.375,440.58984375
L2R,2949.625,436.513671875
L2R,2949.875,436.513671875
L2R,2950.125,432.4375
L2R,2950.375,428.361328125
L2R,2950.625,424.224609375
L2R,2950.875,424.224609375
L2R,2951.125,420.1484375
L2R,2951.375,416.072265625
L2R,2951.625,411.99609375
L2R,2951.875,411.99609375
L2R,2952.125,407.919921875
L2R,2952.375,403.84375
L2R,2952.625,399.767578125
L2R,2952.875,399.767578125
L2R,2953.125,395.69140625
L2R,2953.375,391.615234375
L2R,2953.625,387.5390625
L2R,2953.875,387.5390625
L2R,2954.125,383.5234375
L2R,2954.375,379.447265625
L2R,2954.625,375.37109375
L2R,2954.875,375.37109375
L2R,2955.125,371.294921875
L2R,2955.375,367.21875
L2R,2955.625,363.142578125
L2R,2955.875,363.142578125
L2R,2956.125,359.06640625
L2R,2956.375,354.990234375
L2R,2956.625,350.9140625
L2R,2956.875,350.9140625
L2R,2957.125,346.837890625
L2R,2957.375,342.76171875
L2R,2957.625,338.685546875
L2R,2957.875,338.685546875
L2R,2958.125,334.609375
L2R,2958.375,330.533203125
L2R,2958.625,326.45703125
L2R,2958.875,326.45703125
L2R,2959.125,322.380859375
L2R,2959.375,318.365234375
L2R,2959.625,314.2890625
L2R,2959.875,314.2890625
R2L,2460.125,409.0703125
R2L,2460.375,405.0546875
R2L,2460.625,405.115234375
R2L,2460.875,401.0390625
R2L,2461.125,397.0234375
R2L,2461.375,393.0078125
R2L,2461.625,393.1455078125
R2L,2461.875,389.0693359375
R2L,2462.125,385.130859375
R2L,2462.375,381.0546875
R2L,2462.625,381.115234375
R2L,2462.875,377.0390625
R2L,2463.125,373.0234375
R2L,2463.375,369.0078125
R2L,2463.625,369.068359375
R2L,2463.875,364.9921875
R2L,2464.125,360.9765625
R2L,2464.375,360.9765625
R2L,2464.625,356.9609375
R2L,2464.875,352.884765625
R2L,2465.125,348.869140625
R2L,2465.375,348.9296875
R2L,2465.625,344.9140625
R2L,2465.875,340.837890625
R2L,2466.125,336.822265625
R2L,2466.375,336.921875
R2L,2466.625,332.90625
R2L,2466.875,328.791015625
R2L,2467.125,324.71484375
R2L,2467.375,324.775390625
R2L,2467.625,320.759765625
R2L,2467.875,316.68359375
R2L,2468.125,312.66796875
R2L,2468.375,312.728515625
R2L,2468.625,308.712890625
R2L,2468.875,304.63671875
R2L,2469.125,300.62109375
R2L,2469.375,300.681640625
R2L,2469.625,296.666015625
R2L,2469.875,292.529296875
R2L,2470.125,288.513671875
R2L,2470.375,288.57421875
R2L,2470.625,284.55859375
R2L,2470.875,280.482421875
R2L,2471.125,276.466796875
R2L,2471.375,276.52734375
R2L,2471.625,272.51171875
R2L,2471.875,268.435546875
R2L,2472.125,264.419921875
R2L,2472.375,264.5576171875
R2L,2472.625,260.4814453125
R2L,2472.875,256.482421875
R2L,2473.125,252.466796875
R2L,2473.375,252.52734375
R2L,2473.625,248.451171875
R2L,2473.875,244.435546875
R2L,2474.125,240.419921875
R2L,2474.375,240.48046875
R2L,2474.625,236.404296875
R2L,2474.875,232.388671875
R2L,2475.125,228.3125
R2L,2475.375,228.373046875
R2L,2475.625,224.296875
R2L,2475.875,220.28125
R2L,2476.125,216.265625
R2L,2476.375,216.326171875
R2L,2476.625,212.25
R2L,2476.875,208.234375
R2L,2477.125,204.21875
R2L,2477.375,204.279296875
R2L,2477.625,200.203125
R2L,2477.875,196.126953125
R2L,2478.125,196.1875
R2L,2478.375,192.171875
R2L,2478.625,188.095703125
R2L,2478.875,184.080078125
R2L,2479.125,184.140625
R2L,2479.375,180.125
R2L,2479.625,176.048828125
R2L,2479.875,171.97265625
R2L,2480.125,172.033203125
R2L,2480.375,168.017578125
R2L,2480.625,163.94140625
R2L,2480.875,159.92578125
R2L,2481.125,159.986328125
R2L,2481.375,155.970703125
R2L,2481.625,151.89453125
R2L,2481.875,147.95703125
R2L,2482.125,147.978515625
R2L,2482.375,143.923828125
R2L,2482.625,139.84765625
R2L,2482.875,135.83203125
R2L,2483.125,135.9697265625
R2L,2483.375,131.970703125
R2L,2483.625,127.89453125
R2L,2483.875,123.87890625
R2L,2484.125,123.939453125
R2L,2484.375,119.923828125
R2L,2484.625,115.84765625
R2L,2484.875,111.83203125
R2L,2485.125,111.892578125
R2L,2485.375,107.81640625
R2L,2485.625,103.740234375
R2L,2485.875,99.724609375
R2L,2486.125,99.78515625
R2L,2486.375,95.708984375
R2L,2486.625,91.693359375
R2L,2486.875,87.677734375
R2L,2487.125,87.73828125
R2L,2487.375,83.662109375
R2L,2487.625,79.646484375
R2L,2487.875,75.630859375
R2L,2488.125,75.69140625
R2L,2488.375,71.615234375
R2L,2488.625,67.5390625
R2L,2488.875,63.5234375
R2L,2489.125,63.583984375
R2L,2489.375,59.5078125
R2L,2489.625,55.4921875
R2L,2489.875,51.4765625
R2L,2490.125,51.537109375
R2L,2490.375,47.4609375
R2L,2490.625,43.384765625
R2L,2490.875,43.4453125
R2L,2491.125,39.4296875
R2L,2491.375,35.353515625
R2L,2491.625,31.337890625
R2L,2491.875,31.3984375
R2L,2492.125,27.3828125
R2L,2492.375,23.306640625
R2L,2492.625,19.291015625
R2L,2492.875,19.3515625
R2L,2493.125,15.3359375
R2L,2493.375,11.259765625
R2L,2493.625,7.244140625
R2L,2493.875,7.3818359375
R2L,2494.125,5.97265625
R2L,2494.375,4.580078125
R2L,2494.625,3.154296875
R2L,2494.875,1.66796875
R2L,2495.125,0.181640625
R2L,2495.375,4.076171875
R2L,2495.625,28.533203125
R2L,2495.875,48.9140625
R2L,2496.125,69.35546875
R2L,2496.375,89.796875
R2L,2496.625,114.25390625
R2L,2496.875,134.6953125
R2L,2497.125,155.13671875
R2L,2497.375,175.578125
R2L,2497.625,200.095703125
R2L,2497.875,220.4765625
R2L,2498.125,240.91796875
R2L,2498.375,261.359375
R2L,2498.625,285.876953125
R2L,2498.875,306.2578125
R2L,2499.125,326.69921875
R2L,2499.375,347.140625
R2L,2499.625,371.658203125
R2L,2499.875,392.0390625
R2L,2500.125,412.48046875
R2L,2500.375,432.921875
R2L,2500.625,457.439453125
R2L,2500.875,453.423828125
R2L,2501.125,449.34765625
R2L,2501.375,445.271484375
R2L,2501.625,445.33203125
R2L,2501.875,441.255859375
R2L,2502.125,437.1796875
R2L,2502.375,433.1640625
R2L,2502.625,433.224609375
R2L,2502.875,429.208984375
R2L,2503.125,425.072265625
R2L,2503.375,420.935546875
R2L,2503.625,420.99609375
R2L,2503.875,417.01953125
R2L,2504.125,412.982421875
R2L,2504.375,412.96484375
R2L,2504.625,408.94921875
R2L,2504.875,404.873046875
R2L,2505.125,400.796875
R2L,2505.375,400.857421875
R2L,2505.625,396.841796875
R2L,2505.875,392.765625
R2L,2506.125,388.689453125
R2L,2506.375,388.75
R2L,2506.625,384.734375
R2L,2506.875,380.537109375
R2L,2507.125,376.4609375
R2L,2507.375,376.521484375
R2L,2507.625,372.505859375
R2L,2507.875,368.4296875
R2L,2508.125,364.4140625
R2L,2508.375,364.474609375
R2L,2508.625,360.3984375
R2L,2508.875,356.26171875
R2L,2509.125,352.3232421875
R2L,2509.375,352.4609375
R2L,2509.625,348.384765625
R2L,2509.875,344.30859375
R2L,2510.125,340.29296875
R2L,2510.375,340.353515625
R2L,2510.625,336.337890625
R2L,2510.875,332.201171875
R2L,2511.125,332.26171875
R2L,2511.375,328.24609375
R2L,2511.625,324.109375
R2L,2511.875,319.97265625
R2L,2512.125,320.033203125
R2L,2512.375,316.017578125
R2L,2512.625,312.001953125
R2L,2512.875,316.078125
R2L,2513.125,328.3671875
R2L,2513.375,336.51953125
R2L,2513.625,344.671875
R2L,2513.875,352.884765625
R2L,2514.125,365.173828125
R2L,2514.375,373.326171875
R2L,2514.625,381.478515625
R2L,2514.875,389.5703125
R2L,2515.125,401.859375
R2L,2515.375,410.072265625
R2L,2515.625,418.3623046875
R2L,2515.875,426.5146484375
R2L,2516.125,438.8037109375
R2L,2516.375,447.0166015625
R2L,2516.625,455.2294921875
R2L,2516.875,467.4580078125
R2L,2517.125,475.6103515625
R2L,2517.375,483.8232421875
R2L,2517.625,492.0361328125
R2L,2517.875,504.2646484375
R2L,2518.125,508.32421875
R2L,2518.375,504.30859375
R2L,2518.625,500.29296875
R2L,2518.875,500.29296875
R2L,2519.125,496.216796875
R2L,2519.375,492.140625
R2L,2519.625,488.064453125
R2L,2519.875,488.064453125
R2L,2520.125,484.087890625
R2L,2520.375,480.072265625
R2L,2520.625,475.95703125
R2L,2520.875,475.95703125
R2L,2521.125,471.94140625
R2L,2521.375,467.92578125
R2L,2521.625,467.92578125
R2L,2521.875,463.849609375
R2L,2522.125,459.833984375
R2L,2522.375,455.818359375
R2L,2522.625,455.87890625
R2L,2522.875,451.7421875
R2L,2523.125,447.7265625
R2L,2523.375,443.58984375
R2L,2523.625,443.650390625
R2L,2523.875,439.57421875
R2L,2524.125,435.55859375
R2L,2524.375,431.482421875
R2L,2524.625,431.54296875
R2L,2524.875,427.466796875
R2L,2525.125,423.451171875
R2L,2525.375,419.435546875
R2L,2525.625,419.435546875
R2L,2525.875,415.419921875
R2L,2526.125,411.34375
R2L,2526.375,407.328125
R2L,2526.625,407.328125
R2L,2526.875,403.3125
R2L,2527.125,399.236328125
R2L,2527.375,395.16015625
R2L,2527.625,395.16015625
R2L,2527.875,391.083984375
R2L,2528.125,387.068359375
R2L,2528.375,387.12890625
R2L,2528.625,383.052734375
R2L,2528.875,378.9765625
R2L,2529.125,374.9609375
R2L,2529.375,375.021484375
R2L,2529.625,370.9453125
R2L,2529.875,366.9296875
R2L,2530.125,362.9140625
R2L,2530.375,363.0517578125
R2L,2530.625,358.9755859375
R2L,2530.875,354.9765625
R2L,2531.125,350.9609375
R2L,2531.375,351.021484375
R2L,2531.625,346.82421875
R2L,2531.875,342.80859375
R2L,2532.125,338.79296875
R2L,2532.375,338.853515625
R2L,2532.625,334.716796875
R2L,2532.875,330.701171875
R2L,2533.125,326.685546875
R2L,2533.375,326.8232421875
R2L,2533.625,322.6865234375
R2L,2533.875,318.6708984375
R2L,2534.125,314.6552734375
R2L,2534.375,314.7158203125
R2L,2534.625,310.6396484375
R2L,2534.875,306.6240234375
R2L,2535.125,302.6083984375
R2L,2535.375,302.6689453125
R2L,2535.625,298.5322265625
R2L,2535.875,294.533203125
R2L,2536.125,294.6328125
R2L,2536.375,290.517578125
R2L,2536.625,286.44140625
R2L,2536.875,282.42578125
R2L,2537.125,282.486328125
R2L,2537.375,278.3330078125
R2L,2537.625,274.2568359375
R2L,2537.875,270.1806640625
R2L,2538.125,270.2412109375
R2L,2538.375,266.2255859375
R2L,2538.625,262.1494140625
R2L,2538.875,258.0732421875
R2L,2539.125,258.1337890625
R2L,2539.375,254.1181640625
R2L,2539.625,249.9208984375
R2L,2539.875,249.9814453125
R2L,2540.125,245.9658203125
R2L,2540.375,241.9501953125
R2L,2540.625,237.8740234375
R2L,2540.875,237.9345703125
R2L,2541.125,233.9189453125
R2L,2541.375,229.9033203125
R2L,2541.625,225.7666015625
R2L,2541.875,225.8271484375
R2L,2542.125,221.8115234375
R2L,2542.375,217.7958984375
R2L,2542.625,213.6591796875
R2L,2542.875,213.7197265625
R2L,2543.125,209.7041015625
R2L,2543.375,205.6279296875
R2L,2543.625,201.5517578125
R2L,2543.875,201.6123046875
R2L,2544.125,197.5361328125
R2L,2544.375,193.4599609375
R2L,2544.625,189.4443359375
R2L,2544.875,189.5048828125
R2L,2545.125,185.4892578125
R2L,2545.375,181.3525390625
R2L,2545.625,177.3369140625
R2L,2545.875,177.3974609375
R2L,2546.125,173.3818359375
R2L,2546.375,169.2451171875
R2L,2546.625,165.2294921875
R2L,2546.875,165.2900390625
R2L,2547.125,161.2744140625
R2L,2547.375,157.1982421875
R2L,2547.625,153.1826171875
R2L,2547.875,153.2431640625
R2L,2548.125,149.1064453125
R2L,2548.375,145.0302734375
R2L,2548.625,145.0908203125
R2L,2548.875,141.0751953125
R2L,2549.125,136.9990234375
R2L,2549.375,132.9228515625
R2L,2549.625,132.9833984375
R2L,2549.875,128.9677734375
R2L,2550.125,124.8916015625
R2L,2550.375,120.8154296875
R2L,2550.625,120.8759765625
R2L,2550.875,116.8603515625
R2L,2551.125,112.7841796875
R2L,2551.375,108.7080078125
R2L,2551.625,108.7685546875
R2L,2551.875,104.7919921875
R2L,2552.125,100.4951171875
R2L,2552.375,100.4951171875
R2L,2552.625,96.435546875
R2L,2552.875,92.3759765625
R2L,2553.125,88.1787109375
R2L,2553.375,88.1787109375
R2L,2553.625,84.0419921875
R2L,2553.875,79.9052734375
R2L,2554.125,79.9658203125
R2L,2554.375,75.7080078125
R2L,2554.625,71.6484375
R2L,2554.875,67.51171875
R2L,2555.125,67.572265625
R2L,2555.375,63.341796875
R2L,2555.625,59.2216796875
R2L,2555.875,59.2822265625
R2L,2556.125,55.068359375
R2L,2556.375,50.87109375
R2L,2556.625,50.810546875
R2L,2556.875,46.794921875
R2L,2557.125,42.59765625
R2L,2557.375,38.400390625
R2L,2557.625,38.4609375
R2L,2557.875,34.142578125
R2L,2558.125,30.005859375
R2L,2558.375,30.005859375
R2L,2558.625,25.80859375
R2L,2558.875,21.671875
R2L,2559.125,21.55078125
R2L,2559.375,17.474609375
R2L,2559.625,13.337890625
R2L,2559.875,9.201171875
R2L,2560.125,9.26171875
R2L,2560.375,5.00390625
R2L,2560.625,4.365234375
R2L,2560.875,2.912109375
R2L,2561.125,1.3486328125
R2L,2561.375,0.0
R2L,2561.625,0.0
R2L,2561.875,0.0
R2L,2562.125,0.0
R2L,2562.375,0.0
R2L,2562.625,0.0
R2L,2562.875,0.0
R2L,2563.125,0.0
R2L,2563.375,0.0
R2L,2563.625,0.0
R2L,2563.875,0.0
R2L,2564.125,0.0
R2L,2564.375,0.0
R2L,2564.625,0.0
R2L,2564.875,0.0
R2L,2565.125,0.0
R2L,2565.375,0.0
R2L,2565.625,0.0
R2L,2565.875,0.0
R2L,2566.125,0.0
R2L,2566.375,0.0
R2L,2566.625,0.0
R2L,2566.875,0.0
R2L,2567.125,0.0
R2L,2567.375,0.0
R2L,2567.625,0.0
R2L,2567.875,0.0
R2L,2568.125,0.0
R2L,2568.375,0.0
R2L,2568.625,0.0
R2L,2568.875,0.0
R2L,2569.125,0.0
R2L,2569.375,0.0
R2L,2569.625,0.0
R2L,2569.875,0.0
R2L,2570.125,0.0
R2L,2570.375,0.0
R2L,2570.625,0.0
R2L,2570.875,0.0
R2L,2571.125,0.0
R2L,2571.375,0.0
R2L,2571.625,0.0
R2L,2571.875,0.0
R2L,2572.125,0.0
R2L,2572.375,0.0
R2L,2572.625,0.0
R2L,2572.875,0.0
R2L,2573.125,0.0
R2L,2573.375,0.0
R2L,2573.625,0.0
R2L,2573.875,0.0
R2L,2574.125,0.0
R2L,2574.375,0.0
R2L,2574.625,0.0
R2L,2574.875,0.0
R2L,2575.125,0.0
R2L,2575.375,0.0
R2L,2575.625,0.0
R2L,2575.875,0.060546875
R2L,2576.125,0.0
R2L,2576.375,0.0
R2L,2576.625,0.0
R2L,2576.875,0.0
R2L,2577.125,0.0
R2L,2577.375,0.0
R2L,2577.625,0.0
R2L,2577.875,0.0
R2L,2578.125,0.0
R2L,2578.375,0.0
R2L,2578.625,0.060546875
R2L,2578.875,0.0
R2L,2579.125,0.0
R2L,2579.375,0.0
R2L,2579.625,0.0
R2L,2579.875,0.0
R2L,2580.125,0.0
R2L,2580.375,0.0
R2L,2580.625,0.0
R2L,2580.875,0.0
R2L,2581.125,0.0
R2L,2581.375,0.060546875
R2L,2581.625,0.0
R2L,2581.875,0.0
R2L,2582.125,0.0
R2L,2582.375,0.0
R2L,2582.625,0.0
R2L,2582.875,0.0
R2L,2583.125,0.0
R2L,2583.375,0.0
R2L,2583.625,0.0
R2L,2583.875,0.0
R2L,2584.125,0.0
R2L,2584.375,0.0
R2L,2584.625,0.0
R2L,2584.875,0.0
R2L,2585.125,0.0
R2L,2585.375,0.0
R2L,2585.625,0.0
R2L,2585.875,0.0771484375
R2L,2586.125,0.0
R2L,2586.375,0.0
R2L,2586.625,0.0
R2L,2586.875,0.0
R2L,2587.125,0.0
R2L,2587.375,0.0
R2L,2587.625,0.0
R2L,2587.875,0.0
R2L,2588.125,0.0
R2L,2588.375,0.0
R2L,2588.625,0.0
R2L,2588.875,0.0
R2L,2589.125,0.0
R2L,2589.375,0.0
R2L,2589.625,0.0
R2L,2589.875,0.0
R2L,2590.125,0.0
R2L,2590.375,0.060546875
R2L,2590.625,0.0
R2L,2590.875,0.0
R2L,2591.125,0.0
R2L,2591.375,0.0
R2L,2591.625,0.0
R2L,2591.875,0.060546875
R2L,2592.125,0.0
R2L,2592.375,0.0
R2L,2592.625,0.0
R2L,2592.875,0.0
R2L,2593.125,0.0
R2L,2593.375,0.0
R2L,2593.625,0.0
R2L,2593.875,0.0
R2L,2594.125,0.0
R2L,2594.375,0.0
R2L,2594.625,0.0
R2L,2594.875,0.0
R2L,2595.125,0.0
R2L,2595.375,0.0
R2L,2595.625,0.0
R2L,2595.875,0.0
R2L,2596.125,0.0
R2L,2596.375,0.0
R2L,2596.625,0.0
R2L,2596.875,0.0
R2L,2597.125,0.0
R2L,2597.375,0.0
R2L,2597.625,0.0
R2L,2597.875,0.0
R2L,2598.125,0.0
R2L,2598.375,0.0
R2L,2598.625,0.0
R2L,2598.875,0.0
R2L,2599.125,0.0
R2L,2599.375,0.0
R2L,2599.625,0.0
R2L,2599.875,0.0
R2L,2600.125,0.0
R2L,2600.375,0.0
R2L,2600.625,0.0
R2L,2600.875,0.0
R2L,2601.125,0.0
R2L,2601.375,0.0
R2L,2601.625,0.0
R2L,2601.875,0.0
R2L,2602.125,0.0
R2L,2602.375,0.0
R2L,2602.625,0.0
R2L,2602.875,0.0
R2L,2603.125,0.0
R2L,2603.375,0.0
R2L,2603.625,0.0
R2L,2603.875,0.0
R2L,2604.125,0.0
R2L,2604.375,0.0
R2L,2604.625,0.0
R2L,2604.875,0.0
R2L,2605.125,0.0
R2L,2605.375,12.228515625
R2L,2605.625,32.669921875
R2L,2605.875,57.126953125
R2L,2606.125,77.5078125
R2L,2606.375,97.94921875
R2L,2606.625,118.390625
R2L,2606.875,142.84765625
R2L,2607.125,163.2890625
R2L,2607.375,183.669921875
R2L,2607.625,204.111328125
R2L,2607.875,228.568359375
R2L,2608.125,249.009765625
R2L,2608.375,269.451171875
R2L,2608.625,289.83203125
R2L,2608.875,314.2890625
R2L,2609.125,334.73046875
R2L,2609.375,355.111328125
R2L,2609.625,375.552734375
R2L,2609.875,400.009765625
R2L,2610.125,420.451171875
R2L,2610.375,440.892578125
R2L,2610.625,461.2734375
R2L,2610.875,485.73046875
R2L,2611.125,481.71484375
R2L,2611.375,477.638671875
R2L,2611.625,473.623046875
R2L,2611.875,473.623046875
R2L,2612.125,469.546875
R2L,2612.375,465.470703125
R2L,2612.625,465.53125
R2L,2612.875,461.455078125
R2L,2613.125,457.37890625
R2L,2613.375,453.36328125
R2L,2613.625,453.423828125
R2L,2613.875,449.34765625
R2L,2614.125,445.33203125
R2L,2614.375,441.255859375
R2L,2614.625,441.31640625
R2L,2614.875,437.1796875
R2L,2615.125,433.1640625
R2L,2615.375,429.087890625
R2L,2615.625,429.1484375
R2L,2615.875,425.072265625
R2L,2616.125,420.99609375
R2L,2616.375,417.041015625
R2L,2616.625,417.041015625
R2L,2616.875,413.025390625
R2L,2617.125,409.009765625
R2L,2617.375,409.0263671875
R2L,2617.625,404.9501953125
R2L,2617.875,400.9345703125
R2L,2618.125,396.8583984375
R2L,2618.375,396.9189453125
R2L,2618.625,392.8427734375
R2L,2618.875,388.75
R2L,2619.125,384.734375
R2L,2619.375,384.794921875
R2L,2619.625,380.658203125
R2L,2619.875,376.642578125
R2L,2620.125,372.505859375
R2L,2620.375,372.56640625
R2L,2620.625,368.4296875
R2L,2620.875,364.4921875
R2L,2621.125,364.4140625
R2L,2621.375,360.4755859375
R2L,2621.625,356.3994140625
R2L,2621.875,352.4609375
R2L,2622.125,352.521484375
R2L,2622.375,348.505859375
R2L,2622.625,344.369140625
R2L,2622.875,340.29296875
R2L,2623.125,340.353515625
R2L,2623.375,336.337890625
R2L,2623.625,332.201171875
R2L,2623.875,328.185546875
R2L,2624.125,328.24609375
R2L,2624.375,324.23046875
R2L,2624.625,320.154296875
R2L,2624.875,316.078125
R2L,2625.125,316.138671875
R2L,2625.375,312.0625
R2L,2625.625,307.986328125
R2L,2625.875,303.970703125
R2L,2626.125,304.03125
R2L,2626.375,299.955078125
R2L,2626.625,295.939453125
R2L,2626.875,291.86328125
R2L,2627.125,291.923828125
R2L,2627.375,287.84765625
R2L,2627.625,283.771484375
R2L,2627.875,279.755859375
R2L,2628.125,279.81640625
R2L,2628.375,275.619140625
R2L,2628.625,271.603515625
R2L,2628.875,271.6640625
R2L,2629.125,267.6484375
R2L,2629.375,263.51171875
R2L,2629.625,259.49609375
R2L,2629.875,259.556640625
R2L,2630.125,255.541015625
R2L,2630.375,251.34375
R2L,2630.625,247.328125
R2L,2630.875,247.388671875
R2L,2631.125,243.373046875
R2L,2631.375,239.296875
R2L,2631.625,235.220703125
R2L,2631.875,235.28125
R2L,2632.125,231.3427734375
R2L,2632.375,227.2060546875
R2L,2632.625,223.1904296875
R2L,2632.875,223.2509765625
R2L,2633.125,219.1748046875
R2L,2633.375,215.0986328125
R2L,2633.625,215.1591796875
R2L,2633.875,211.06640625
R2L,2634.125,207.05078125
R2L,2634.375,202.9140625
R2L,2634.625,202.974609375
R2L,2634.875,198.958984375
R2L,2635.125,194.8828125
R2L,2635.375,190.806640625
R2L,2635.625,190.8671875
R2L,2635.875,186.791015625
R2L,2636.125,182.775390625
R2L,2636.375,178.638671875
R2L,2636.625,178.69921875
R2L,2636.875,174.623046875
R2L,2637.125,170.607421875
R2L,2637.375,166.470703125
R2L,2637.625,166.53125
R2L,2637.875,162.515625
R2L,2638.125,158.5
R2L,2638.375,158.5771484375
R2L,2638.625,154.638671875
R2L,2638.875,150.5625
R2L,2639.125,146.486328125
R2L,2639.375,146.486328125
R2L,2639.625,142.470703125
R2L,2639.875,138.39453125
R2L,2640.125,134.37890625
R2L,2640.375,134.37890625
R2L,2640.625,130.36328125
R2L,2640.875,126.34765625
R2L,2641.125,122.271484375
R2L,2641.375,122.271484375
R2L,2641.625,118.255859375
R2L,2641.875,114.1796875
R2L,2642.125,110.1640625
R2L,2642.375,110.1640625
R2L,2642.625,106.087890625
R2L,2642.875,102.072265625
R2L,2643.125,97.99609375
R2L,2643.375,97.99609375
R2L,2643.625,93.98046875
R2L,2643.875,89.96484375
R2L,2644.125,85.888671875
R2L,2644.375,85.94921875
R2L,2644.625,81.8125
R2L,2644.875,77.736328125
R2L,2645.125,77.736328125
R2L,2645.375,73.720703125
R2L,2645.625,69.64453125
R2L,2645.875,65.62890625
R2L,2646.125,65.62890625
R2L,2646.375,61.61328125
R2L,2646.625,57.59765625
R2L,2646.875,53.521484375
R2L,2647.125,53.521484375
R2L,2647.375,49.5224609375
R2L,2647.625,45.5068359375
R2L,2647.875,41.4306640625
R2L,2648.125,41.4306640625
R2L,2648.375,37.4150390625
R2L,2648.625,33.322265625
R2L,2648.875,29.306640625
R2L,2649.125,29.306640625
R2L,2649.375,25.23046875
R2L,2649.625,21.21484375
R2L,2649.875,21.21484375
R2L,2650.125,17.138671875
R2L,2650.375,13.123046875
R2L,2650.625,9.046875
R2L,2650.875,9.107421875
R2L,2651.125,5.03125
R2L,2651.375,4.18359375
R2L,2651.625,2.697265625
R2L,2651.875,1.2109375
R2L,2652.125,0.0
R2L,2652.375,0.0
R2L,2652.625,0.0
R2L,2652.875,8.212890625
R2L,2653.125,16.365234375
R2L,2653.375,24.45703125
R2L,2653.625,36.74609375
R2L,2653.875,44.8984375
R2L,2654.125,53.111328125
R2L,2654.375,61.263671875
R2L,2654.625,73.552734375
R2L,2654.875,81.705078125
R2L,2655.125,89.736328125
R2L,2655.375,102.025390625
R2L,2655.625,110.3154296875
R2L,2655.875,118.60546875
R2L,2656.125,126.63671875
R2L,2656.375,138.92578125
R2L,2656.625,146.923828125
R2L,2656.875,155.13671875
R2L,2657.125,163.2890625
R2L,2657.375,175.578125
R2L,2657.625,183.669921875
R2L,2657.875,191.822265625
R2L,2658.125,191.921875
R2L,2658.375,191.982421875
R2L,2658.625,187.74609375
R2L,2658.875,183.73046875
R2L,2659.125,183.73046875
R2L,2659.375,179.71484375
R2L,2659.625,175.638671875
R2L,2659.875,171.5625
R2L,2660.125,171.5625
R2L,2660.375,167.42578125
R2L,2660.625,163.41015625
R2L,2660.875,159.39453125
R2L,2661.125,159.39453125
R2L,2661.375,155.197265625
R2L,2661.625,151.181640625
R2L,2661.875,151.2421875
R2L,2662.125,147.166015625
R2L,2662.375,143.029296875
R2L,2662.625,139.013671875
R2L,2662.875,139.013671875
R2L,2663.125,134.998046875
R2L,2663.375,130.861328125
R2L,2663.625,126.845703125
R2L,2663.875,126.845703125
R2L,2664.125,122.708984375
R2L,2664.375,118.693359375
R2L,2664.625,114.677734375
R2L,2664.875,114.677734375
R2L,2665.125,110.5576171875
R2L,2665.375,106.46484375
R2L,2665.625,106.525390625
R2L,2665.875,102.328125
R2L,2666.125,98.3125
R2L,2666.375,94.296875
R2L,2666.625,94.357421875
R2L,2666.875,90.220703125
R2L,2667.125,86.14453125
R2L,2667.375,86.083984375
R2L,2667.625,82.068359375
R2L,2667.875,77.9921875
R2L,2668.125,73.9765625
R2L,2668.375,74.037109375
R2L,2668.625,69.900390625
R2L,2668.875,65.82421875
R2L,2669.125,61.6875
R2L,2669.375,61.748046875
R2L,2669.625,57.732421875
R2L,2669.875,53.65625
R2L,2670.125,49.51953125
R2L,2670.375,49.580078125
R2L,2670.625,45.564453125
R2L,2670.875,41.48828125
R2L,2671.125,41.427734375
R2L,2671.375,37.3515625
R2L,2671.625,33.3359375
R2L,2671.875,29.259765625
R2L,2672.125,29.3203125
R2L,2672.375,25.123046875
R2L,2672.625,21.107421875
R2L,2672.875,17.03125
R2L,2673.125,17.091796875
R2L,2673.375,12.955078125
R2L,2673.625,8.939453125
R2L,2673.875,4.86328125
R2L,2674.125,4.923828125
R2L,2674.375,0.84765625
R2L,2674.625,0.302734375
R2L,2674.875,0.0
R2L,2675.125,0.0
R2L,2675.375,0.0
R2L,2675.625,0.060546875
R2L,2675.875,0.0
R2L,2676.125,0.0
R2L,2676.375,0.0
R2L,2676.625,0.060546875
R2L,2676.875,0.0
R2L,2677.125,0.0
R2L,2677.375,0.0
R2L,2677.625,0.0
R2L,2677.875,0.0
R2L,2678.125,0.0
R2L,2678.375,0.0
R2L,2678.625,0.0
R2L,2678.875,0.0
R2L,2679.125,0.0
R2L,2679.375,0.0
R2L,2679.625,0.0
R2L,2679.875,0.0
R2L,2680.125,0.0
R2L,2680.375,0.0
R2L,2680.625,0.0
R2L,2680.875,0.0
R2L,2681.125,0.0
R2L,2681.375,0.0
R2L,2681.625,0.0
R2L,2681.875,0.0
R2L,2682.125,0.0
R2L,2682.375,0.0
R2L,2682.625,0.0
R2L,2682.875,0.0
R2L,2683.125,0.0
R2L,2683.375,0.0
R2L,2683.625,0.0
R2L,2683.875,0.0
R2L,2684.125,0.0
R2L,2684.375,0.0
R2L,2684.625,0.0
R2L,2684.875,0.0
R2L,2685.125,0.0
R2L,2685.375,0.0
R2L,2685.625,0.0
R2L,2685.875,0.0
R2L,2686.125,0.0
R2L,2686.375,0.0
R2L,2686.625,0.0
R2L,2686.875,0.0
R2L,2687.125,0.0
R2L,2687.375,0.0
R2L,2687.625,0.0
R2L,2687.875,0.0
R2L,2688.125,0.0
R2L,2688.375,0.0
R2L,2688.625,0.0
R2L,2688.875,0.0
R2L,2689.125,0.0
R2L,2689.375,0.0
R2L,2689.625,0.0
R2L,2689.875,0.0
R2L,2690.125,0.0
R2L,2690.375,0.0
R2L,2690.625,0.0
R2L,2690.875,0.0
R2L,2691.125,0.0
R2L,2691.375,0.0
R2L,2691.625,0.0
R2L,2691.875,0.0
R2L,2692.125,0.0
R2L,2692.375,0.0
R2L,2692.625,0.0
R2L,2692.875,0.0
R2L,2693.125,0.0
R2L,2693.375,0.0
R2L,2693.625,0.0
R2L,2693.875,0.0
R2L,2694.125,0.0
R2L,2694.375,0.060546875
R2L,2694.625,0.0
R2L,2694.875,0.0
R2L,2695.125,0.0
R2L,2695.375,0.0
R2L,2695.625,0.0
R2L,2695.875,0.0
R2L,2696.125,0.0
R2L,2696.375,0.0
R2L,2696.625,0.0
R2L,2696.875,0.0
R2L,2697.125,0.0
R2L,2697.375,0.0
R2L,2697.625,0.0
R2L,2697.875,0.0
R2L,2698.125,0.0
R2L,2698.375,0.0
R2L,2698.625,0.0
R2L,2698.875,0.0
R2L,2699.125,0.0
R2L,2699.375,0.0
R2L,2699.625,0.0
R2L,2699.875,0.0
R2L,2700.125,0.0
R2L,2700.375,0.0
R2L,2700.625,0.0
R2L,2700.875,0.0
R2L,2701.125,0.0
R2L,2701.375,0.0
R2L,2701.625,0.0
R2L,2701.875,0.0
R2L,2702.125,0.0
R2L,2702.375,0.0
R2L,2702.625,0.0
R2L,2702.875,0.0
R2L,2703.125,0.0
R2L,2703.375,0.0
R2L,2703.625,0.0
R2L,2703.875,0.0
R2L,2704.125,0.0
R2L,2704.375,0.0
R2L,2704.625,0.0
R2L,2704.875,0.0
R2L,2705.125,0.0
R2L,2705.375,0.0
R2L,2705.625,0.0
R2L,2705.875,0.0
R2L,2706.125,0.0
R2L,2706.375,0.0
R2L,2706.625,0.0
R2L,2706.875,0.0
R2L,2707.125,0.0
R2L,2707.375,0.0
R2L,2707.625,0.0
R2L,2707.875,0.0
R2L,2708.125,0.0
R2L,2708.375,0.0
R2L,2708.625,0.0
R2L,2708.875,0.0
R2L,2709.125,0.0
R2L,2709.375,0.0
R2L,2709.625,0.0
R2L,2709.875,0.0
R2L,2710.125,0.0
R2L,2710.375,0.0
R2L,2710.625,0.0
R2L,2710.875,0.0
R2L,2711.125,0.0
R2L,2711.375,0.0
R2L,2711.625,0.0
R2L,2711.875,0.0
R2L,2712.125,0.0
R2L,2712.375,0.0
R2L,2712.625,0.0
R2L,2712.875,0.0
R2L,2713.125,0.0
R2L,2713.375,0.060546875
R2L,2713.625,0.0
R2L,2713.875,0.0
R2L,2714.125,0.0
R2L,2714.375,0.0
R2L,2714.625,0.0
R2L,2714.875,0.0
R2L,2715.125,0.0
R2L,2715.375,0.0
R2L,2715.625,0.0
R2L,2715.875,0.0
R2L,2716.125,0.0
R2L,2716.375,0.0
R2L,2716.625,0.0
R2L,2716.875,0.0
R2L,2717.125,0.0
R2L,2717.375,0.0
R2L,2717.625,0.060546875
R2L,2717.875,0.0
R2L,2718.125,0.0
R2L,2718.375,0.0
R2L,2718.625,0.0
R2L,2718.875,0.0
R2L,2719.125,0.0
R2L,2719.375,0.0
R2L,2719.625,0.0
R2L,2719.875,0.0
R2L,2720.125,0.0
R2L,2720.375,0.0
R2L,2720.625,0.0
R2L,2720.875,0.0
R2L,2721.125,0.0
R2L,2721.375,0.0
R2L,2721.625,0.0
R2L,2721.875,0.0
R2L,2722.125,0.0
R2L,2722.375,0.0
R2L,2722.625,0.0
R2L,2722.875,0.0
R2L,2723.125,0.0
R2L,2723.375,0.0
R2L,2723.625,0.0
R2L,2723.875,0.0
R2L,2724.125,0.0
R2L,2724.375,0.0
R2L,2724.625,0.0
R2L,2724.875,0.0
R2L,2725.125,0.0
R2L,2725.375,0.0
R2L,2725.625,0.0
R2L,2725.875,0.0
R2L,2726.125,0.0
R2L,2726.375,0.0
R2L,2726.625,0.0
R2L,2726.875,0.0
R2L,2727.125,0.0
R2L,2727.375,0.0
R2L,2727.625,0.0
R2L,2727.875,0.0
R2L,2728.125,0.0
R2L,2728.375,0.0
R2L,2728.625,0.0
R2L,2728.875,0.0
R2L,2729.125,0.060546875
R2L,2729.375,0.0
R2L,2729.625,0.0
R2L,2729.875,0.0
R2L,2730.125,0.0
R2L,2730.375,0.0
R2L,2730.625,0.0
R2L,2730.875,0.0
R2L,2731.125,0.0
R2L,2731.375,0.0
R2L,2731.625,0.0
R2L,2731.875,0.0
R2L,2732.125,0.0
R2L,2732.375,0.0
R2L,2732.625,0.0
R2L,2732.875,0.0
R2L,2733.125,0.0
R2L,2733.375,0.0
R2L,2733.625,0.0
R2L,2733.875,0.0
R2L,2734.125,4.076171875
R2L,2734.375,12.2890625
R2L,2734.625,24.578125
R2L,2734.875,32.669921875
R2L,2735.125,40.822265625
R2L,2735.375,48.974609375
R2L,2735.625,61.203125
R2L,2735.875,69.35546875
R2L,2736.125,77.5078125
R2L,2736.375,85.720703125
R2L,2736.625,97.94921875
R2L,2736.875,106.162109375
R2L,2737.125,114.314453125
R2L,2737.375,122.40625
R2L,2737.625,134.6953125
R2L,2737.875,142.908203125
R2L,2738.125,151.060546875
R2L,2738.375,163.349609375
R2L,2738.625,171.501953125
R2L,2738.875,179.71484375
R2L,2739.125,187.9443359375
R2L,2739.375,196.1572265625
R2L,2739.625,192.0205078125
R2L,2739.875,187.927734375
R2L,2740.125,183.8515625
R2L,2740.375,183.912109375
R2L,2740.625,179.8359375
R2L,2740.875,175.759765625
R2L,2741.125,171.744140625
R2L,2741.375,171.8046875
R2L,2741.625,167.728515625
R2L,2741.875,163.65234375
R2L,2742.125,159.576171875
R2L,2742.375,159.63671875
R2L,2742.625,155.5
R2L,2742.875,151.423828125
R2L,2743.125,151.484375
R2L,2743.375,147.408203125
R2L,2743.625,143.33203125
R2L,2743.875,139.31640625
R2L,2744.125,139.376953125
R2L,2744.375,135.30078125
R2L,2744.625,131.1640625
R2L,2744.875,127.087890625
R2L,2745.125,127.1484375
R2L,2745.375,123.1328125
R2L,2745.625,118.935546875
R2L,2745.875,114.919921875
R2L,2746.125,114.98046875
R2L,2746.375,110.96484375
R2L,2746.625,106.828125
R2L,2746.875,102.8291015625
R2L,2747.125,102.8896484375
R2L,2747.375,98.8740234375
R2L,2747.625,94.7978515625
R2L,2747.875,94.7978515625
R2L,2748.125,90.7822265625
R2L,2748.375,86.5849609375
R2L,2748.625,82.5087890625
R2L,2748.875,82.646484375
R2L,2749.125,78.630859375
R2L,2749.375,74.5546875
R2L,2749.625,70.4013671875
R2L,2749.875,70.4619140625
R2L,2750.125,66.3857421875
R2L,2750.375,62.3095703125
R2L,2750.625,58.2939453125
R2L,2750.875,58.3544921875
R2L,2751.125,54.1572265625
R2L,2751.375,50.0810546875
R2L,2751.625,50.1416015625
R2L,2751.875,46.1259765625
R2L,2752.125,42.0498046875
R2L,2752.375,37.9130859375
R2L,2752.625,37.9736328125
R2L,2752.875,33.9970703125
R2L,2753.125,29.8818359375
R2L,2753.375,25.8056640625
R2L,2753.625,25.8662109375
R2L,2753.875,21.7294921875
R2L,2754.125,17.7138671875
R2L,2754.375,13.6376953125
R2L,2754.625,13.6982421875
R2L,2754.875,9.6220703125
R2L,2755.125,5.5458984375
R2L,2755.375,1.4697265625
R2L,2755.625,1.5302734375
R2L,2755.875,0.544921875
R2L,2756.125,0.0
R2L,2756.375,0.0
R2L,2756.625,0.0
R2L,2756.875,0.0
R2L,2757.125,0.0
R2L,2757.375,0.0
R2L,2757.625,0.0
R2L,2757.875,0.0
R2L,2758.125,0.0
R2L,2758.375,0.0
R2L,2758.625,0.0
R2L,2758.875,0.0
R2L,2759.125,0.0
R2L,2759.375,0.0
R2L,2759.625,0.0
R2L,2759.875,0.0
R2L,2760.125,0.0
R2L,2760.375,0.0
R2L,2760.625,0.0
R2L,2760.875,0.0
R2L,2761.125,0.060546875
R2L,2761.375,0.0
R2L,2761.625,0.0
R2L,2761.875,0.0
R2L,2762.125,0.060546875
R2L,2762.375,0.0
R2L,2762.625,0.0
R2L,2762.875,0.0
R2L,2763.125,0.0
R2L,2763.375,0.0
R2L,2763.625,0.0
R2L,2763.875,0.0
R2L,2764.125,0.0
R2L,2764.375,0.0
R2L,2764.625,0.0
R2L,2764.875,0.0
R2L,2765.125,0.0
R2L,2765.375,0.0
R2L,2765.625,0.0
R2L,2765.875,0.0
R2L,2766.125,0.0
R2L,2766.375,0.0
R2L,2766.625,0.0
R2L,2766.875,0.0
R2L,2767.125,0.0
R2L,2767.375,0.0
R2L,2767.625,0.0
R2L,2767.875,0.0
R2L,2768.125,0.0
R2L,2768.375,0.0
R2L,2768.625,0.0
R2L,2768.875,0.0
R2L,2769.125,0.0
R2L,2769.375,0.0
R2L,2769.625,0.0
R2L,2769.875,0.0
R2L,2770.125,0.0
R2L,2770.375,0.0
R2L,2770.625,0.0
R2L,2770.875,0.0
R2L,2771.125,0.0
R2L,2771.375,0.0
R2L,2771.625,0.0
R2L,2771.875,0.0
R2L,2772.125,0.0
R2L,2772.375,0.0
R2L,2772.625,0.0
R2L,2772.875,0.0
R2L,2773.125,0.0
R2L,2773.375,0.0
R2L,2773.625,0.0
R2L,2773.875,0.0
R2L,2774.125,0.0
R2L,2774.375,0.0
R2L,2774.625,0.0
R2L,2774.875,0.060546875
R2L,2775.125,0.0
R2L,2775.375,0.0
R2L,2775.625,0.0
R2L,2775.875,0.060546875
R2L,2776.125,0.0
R2L,2776.375,0.0
R2L,2776.625,0.0
R2L,2776.875,0.0
R2L,2777.125,0.0
R2L,2777.375,0.0
R2L,2777.625,0.0
R2L,2777.875,0.0
R2L,2778.125,0.0
R2L,2778.375,0.0
R2L,2778.625,0.0
R2L,2778.875,0.0
R2L,2779.125,0.0
R2L,2779.375,0.0
R2L,2779.625,0.0
R2L,2779.875,0.0
R2L,2780.125,0.0
R2L,2780.375,0.0
R2L,2780.625,0.0
R2L,2780.875,0.0
R2L,2781.125,0.0
R2L,2781.375,0.0
R2L,2781.625,0.0
R2L,2781.875,0.0
R2L,2782.125,0.0
R2L,2782.375,0.0
R2L,2782.625,0.0
R2L,2782.875,0.0
R2L,2783.125,0.0
R2L,2783.375,0.0
R2L,2783.625,4.076171875
R2L,2783.875,12.228515625
R2L,2784.125,24.45703125
R2L,2784.375,32.669921875
R2L,2784.625,40.8828125
R2L,2784.875,49.095703125
R2L,2785.125,61.384765625
R2L,2785.375,69.537109375
R2L,2785.625,77.75
R2L,2785.875,85.962890625
R2L,2786.125,98.251953125
R2L,2786.375,106.404296875
R2L,2786.625,114.556640625
R2L,2786.875,122.76953125
R2L,2787.125,135.05859375
R2L,2787.375,143.25
R2L,2787.625,151.462890625
R2L,2787.875,159.576171875
R2L,2788.125,171.865234375
R2L,2788.375,180.017578125
R2L,2788.625,188.23046875
R2L,2788.875,196.3828125
R2L,2789.125,208.7490234375
R2L,2789.375,204.6728515625
R2L,2789.625,200.6572265625
R2L,2789.875,196.6416015625
R2L,2790.125,196.7021484375
R2L,2790.375,192.5654296875
R2L,2790.625,188.5498046875
R2L,2790.875,188.6103515625
R2L,2791.125,184.5947265625
R2L,2791.375,180.5185546875
R2L,2791.625,176.4423828125
R2L,2791.875,176.5029296875
R2L,2792.125,172.4873046875
R2L,2792.375,168.4111328125
R2L,2792.625,164.3955078125
R2L,2792.875,164.4560546875
R2L,2793.125,160.3798828125
R2L,2793.375,156.3037109375
R2L,2793.625,152.2880859375
R2L,2793.875,152.3486328125
R2L,2794.125,148.3330078125
R2L,2794.375,144.1962890625
R2L,2794.625,140.2578125
R2L,2794.875,140.318359375
R2L,2795.125,136.302734375
R2L,2795.375,132.2265625
R2L,2795.625,128.150390625
R2L,2795.875,128.2109375
R2L,2796.125,124.1953125
R2L,2796.375,120.119140625
R2L,2796.625,116.103515625
R2L,2796.875,116.1640625
R2L,2797.125,112.087890625
R2L,2797.375,108.01171875
R2L,2797.625,103.99609375
R2L,2797.875,104.056640625
R2L,2798.125,100.041015625
R2L,2798.375,95.904296875
R2L,2798.625,91.888671875
R2L,2798.875,91.94921875
R2L,2799.125,87.873046875
R2L,2799.375,83.857421875
R2L,2799.625,83.857421875
R2L,2799.875,79.9189453125
R2L,2800.125,75.8427734375
R2L,2800.375,71.8271484375
R2L,2800.625,71.8876953125
R2L,2800.875,67.8720703125
R2L,2801.125,63.7353515625
R2L,2801.375,59.7197265625
R2L,2801.625,59.7802734375
R2L,2801.875,55.7646484375
R2L,2802.125,51.6884765625
R2L,2802.375,47.6123046875
R2L,2802.625,47.6728515625
R2L,2802.875,43.6962890625
R2L,2803.125,39.6591796875
R2L,2803.375,35.5654296875
R2L,2803.625,35.6259765625
R2L,2803.875,31.6103515625
R2L,2804.125,27.4736328125
R2L,2804.375,23.4580078125
R2L,2804.625,23.5185546875
R2L,2804.875,19.5029296875
R2L,2805.125,15.3662109375
R2L,2805.375,11.427734375
R2L,2805.625,11.48828125
R2L,2805.875,7.47265625
R2L,2806.125,3.396484375
R2L,2806.375,3.3193359375
R2L,2806.625,1.9873046875
R2L,2806.875,0.517578125
R2L,2807.125,0.0
R2L,2807.375,0.0
R2L,2807.625,0.0
R2L,2807.875,0.0
R2L,2808.125,0.0
R2L,2808.375,0.0
R2L,2808.625,0.0
R2L,2808.875,0.0
R2L,2809.125,0.0
R2L,2809.375,0.0
R2L,2809.625,0.0
R2L,2809.875,0.0
R2L,2810.125,0.0
R2L,2810.375,0.0
R2L,2810.625,0.0
R2L,2810.875,0.0
R2L,2811.125,0.0
R2L,2811.375,0.0
R2L,2811.625,0.0
R2L,2811.875,0.0
R2L,2812.125,0.0
R2L,2812.375,0.0
R2L,2812.625,0.0
R2L,2812.875,0.0
R2L,2813.125,0.0
R2L,2813.375,0.0
R2L,2813.625,0.0
R2L,2813.875,0.0
R2L,2814.125,0.0
R2L,2814.375,0.0
R2L,2814.625,0.0
R2L,2814.875,0.0
R2L,2815.125,0.0
R2L,2815.375,0.0
R2L,2815.625,0.0
R2L,2815.875,0.0
R2L,2816.125,0.0
R2L,2816.375,0.0
R2L,2816.625,0.0
R2L,2816.875,0.0
R2L,2817.125,0.0
R2L,2817.375,0.0
R2L,2817.625,0.0
R2L,2817.875,0.0
R2L,2818.125,0.0
R2L,2818.375,0.0
R2L,2818.625,0.0
R2L,2818.875,0.0
R2L,2819.125,0.0
R2L,2819.375,0.0
R2L,2819.625,0.0
R2L,2819.875,0.0
R2L,2820.125,0.0
R2L,2820.375,0.0
R2L,2820.625,0.0
R2L,2820.875,0.0
R2L,2821.125,0.0
R2L,2821.375,0.0
R2L,2821.625,0.0
R2L,2821.875,0.0
R2L,2822.125,0.0
R2L,2822.375,0.0
R2L,2822.625,0.0
R2L,2822.875,0.0
R2L,2823.125,0.0
R2L,2823.375,0.0
R2L,2823.625,0.0
R2L,2823.875,0.0
R2L,2824.125,0.0
R2L,2824.375,0.0
R2L,2824.625,0.0
R2L,2824.875,0.0
R2L,2825.125,0.0
R2L,2825.375,0.0
R2L,2825.625,0.0
R2L,2825.875,0.0
R2L,2826.125,0.0
R2L,2826.375,0.0
R2L,2826.625,0.0
R2L,2826.875,0.0
R2L,2827.125,0.0
R2L,2827.375,0.0
R2L,2827.625,0.0
R2L,2827.875,0.0
R2L,2828.125,0.0
R2L,2828.375,0.0
R2L,2828.625,0.0
R2L,2828.875,0.0
R2L,2829.125,0.0
R2L,2829.375,0.0
R2L,2829.625,0.0
R2L,2829.875,0.0
R2L,2830.125,0.0
R2L,2830.375,0.0
R2L,2830.625,0.0
R2L,2830.875,0.0
R2L,2831.125,0.0
R2L,2831.375,0.0
R2L,2831.625,0.0
R2L,2831.875,0.0
R2L,2832.125,0.0
R2L,2832.375,0.0
R2L,2832.625,0.0
R2L,2832.875,0.0
R2L,2833.125,0.0
R2L,2833.375,0.0
R2L,2833.625,0.0
R2L,2833.875,0.0
R2L,2834.125,0.0
R2L,2834.375,0.0
R2L,2834.625,0.0
R2L,2834.875,0.0
R2L,2835.125,0.0
R2L,2835.375,0.0
R2L,2835.625,0.0
R2L,2835.875,0.0
R2L,2836.125,0.0
R2L,2836.375,0.0
R2L,2836.625,0.0
R2L,2836.875,0.0
R2L,2837.125,0.0
R2L,2837.375,0.0
R2L,2837.625,0.0
R2L,2837.875,0.0
R2L,2838.125,0.0
R2L,2838.375,0.0
R2L,2838.625,0.0
R2L,2838.875,0.0
R2L,2839.125,0.0
R2L,2839.375,0.0
R2L,2839.625,0.0
R2L,2839.875,0.0
R2L,2840.125,0.0
R2L,2840.375,0.0
R2L,2840.625,0.0
R2L,2840.875,0.0
R2L,2841.125,0.0
R2L,2841.375,0.0
R2L,2841.625,0.0
R2L,2841.875,0.0
R2L,2842.125,0.0
R2L,2842.375,0.0
R2L,2842.625,0.0
R2L,2842.875,0.0
R2L,2843.125,0.0
R2L,2843.375,0.0
R2L,2843.625,0.0
R2L,2843.875,0.0
R2L,2844.125,0.0
R2L,2844.375,0.0
R2L,2844.625,0.0
R2L,2844.875,0.0
R2L,2845.125,0.0
R2L,2845.375,0.0
R2L,2845.625,0.0
R2L,2845.875,0.0
R2L,2846.125,0.0
R2L,2846.375,0.0
R2L,2846.625,0.0
R2L,2846.875,0.0
R2L,2847.125,0.0
R2L,2847.375,0.0
R2L,2847.625,0.0
R2L,2847.875,0.0
R2L,2848.125,0.0
R2L,2848.375,0.0
R2L,2848.625,0.0
R2L,2848.875,0.0
R2L,2849.125,0.0
R2L,2849.375,0.0
R2L,2849.625,0.0
R2L,2849.875,0.0
R2L,2850.125,0.0
R2L,2850.375,0.0
R2L,2850.625,0.0
R2L,2850.875,0.0
R2L,2851.125,0.0
R2L,2851.375,0.0
R2L,2851.625,0.0
R2L,2851.875,0.0
R2L,2852.125,0.0
R2L,2852.375,0.0
R2L,2852.625,0.0
R2L,2852.875,0.0
R2L,2853.125,0.0
R2L,2853.375,0.0
R2L,2853.625,0.0
R2L,2853.875,0.0
R2L,2854.125,0.0
R2L,2854.375,0.0
R2L,2854.625,0.0
R2L,2854.875,0.0
R2L,2855.125,0.0
R2L,2855.375,0.0
R2L,2855.625,0.0
R2L,2855.875,0.0
R2L,2856.125,0.0
R2L,2856.375,0.0
R2L,2856.625,0.0
R2L,2856.875,0.0
R2L,2857.125,0.0
R2L,2857.375,0.0
R2L,2857.625,0.0
R2L,2857.875,0.0
R2L,2858.125,0.0
R2L,2858.375,0.0
R2L,2858.625,0.0
R2L,2858.875,0.0
R2L,2859.125,0.0
R2L,2859.375,0.0
R2L,2859.625,0.0
R2L,2859.875,0.0
R2L,2860.125,0.0
R2L,2860.375,0.0
R2L,2860.625,0.0
R2L,2860.875,0.0
R2L,2861.125,0.0
R2L,2861.375,0.0
R2L,2861.625,0.0
R2L,2861.875,0.0
R2L,2862.125,0.0
R2L,2862.375,0.0
R2L,2862.625,0.0
R2L,2862.875,0.0
R2L,2863.125,0.0
R2L,2863.375,0.0
R2L,2863.625,0.0
R2L,2863.875,0.0
R2L,2864.125,0.0
R2L,2864.375,0.0
R2L,2864.625,0.0
R2L,2864.875,0.0
R2L,2865.125,0.0
R2L,2865.375,0.0
R2L,2865.625,0.0
R2L,2865.875,0.0
R2L,2866.125,0.0
R2L,2866.375,0.0
R2L,2866.625,0.0
R2L,2866.875,0.0
R2L,2867.125,0.0
R2L,2867.375,0.0
R2L,2867.625,0.0
R2L,2867.875,0.0
R2L,2868.125,0.0
R2L,2868.375,0.0
R2L,2868.625,0.0
R2L,2868.875,0.0
R2L,2869.125,0.0
R2L,2869.375,0.0
R2L,2869.625,0.0
R2L,2869.875,0.0
R2L,2870.125,0.0
R2L,2870.375,0.0
R2L,2870.625,0.0
R2L,2870.875,0.0
R2L,2871.125,0.0
R2L,2871.375,0.0
R2L,2871.625,0.0
R2L,2871.875,0.0
R2L,2872.125,0.0
R2L,2872.375,0.0
R2L,2872.625,0.0
R2L,2872.875,0.0
R2L,2873.125,0.0
R2L,2873.375,0.0
R2L,2873.625,0.0
R2L,2873.875,0.0
R2L,2874.125,0.0
R2L,2874.375,0.0
R2L,2874.625,0.0
R2L,2874.875,0.0
R2L,2875.125,0.0
R2L,2875.375,0.0
R2L,2875.625,0.0
R2L,2875.875,0.0
R2L,2876.125,0.0
R2L,2876.375,0.0
R2L,2876.625,0.0
R2L,2876.875,0.0
R2L,2877.125,0.0
R2L,2877.375,0.0
R2L,2877.625,0.0
R2L,2877.875,0.0
R2L,2878.125,0.0
R2L,2878.375,0.0
R2L,2878.625,0.0
R2L,2878.875,0.0
R2L,2879.125,0.0
R2L,2879.375,0.0
R2L,2879.625,0.0
R2L,2879.875,0.0
R2L,2880.125,0.0
R2L,2880.375,0.0
R2L,2880.625,0.0
R2L,2880.875,0.0
R2L,2881.125,0.0
R2L,2881.375,0.0
R2L,2881.625,0.0
R2L,2881.875,0.0
R2L,2882.125,0.0
R2L,2882.375,0.0
R2L,2882.625,0.0
R2L,2882.875,0.0
R2L,2883.125,0.0
R2L,2883.375,0.0
R2L,2883.625,0.0
R2L,2883.875,0.0
R2L,2884.125,0.0
R2L,2884.375,0.0
R2L,2884.625,0.0
R2L,2884.875,0.0
R2L,2885.125,0.0
R2L,2885.375,0.0
R2L,2885.625,0.0
R2L,2885.875,0.0
R2L,2886.125,0.0
R2L,2886.375,0.0
R2L,2886.625,0.0
R2L,2886.875,0.0
R2L,2887.125,0.0
R2L,2887.375,0.0
R2L,2887.625,0.0
R2L,2887.875,0.0
R2L,2888.125,0.0
R2L,2888.375,0.0
R2L,2888.625,0.0
R2L,2888.875,0.0
R2L,2889.125,0.0
R2L,2889.375,0.0
R2L,2889.625,0.0
R2L,2889.875,0.0
R2L,2890.125,0.0
R2L,2890.375,0.0
R2L,2890.625,0.0
R2L,2890.875,0.0
R2L,2891.125,0.0
R2L,2891.375,0.0
R2L,2891.625,0.0
R2L,2891.875,0.0
R2L,2892.125,0.0
R2L,2892.375,0.0
R2L,2892.625,0.0
R2L,2892.875,0.0
R2L,2893.125,0.0
R2L,2893.375,0.0
R2L,2893.625,0.0
R2L,2893.875,0.0
R2L,2894.125,0.0
R2L,2894.375,0.0
R2L,2894.625,0.0
R2L,2894.875,0.0
R2L,2895.125,0.0
R2L,2895.375,0.0
R2L,2895.625,0.0
R2L,2895.875,0.0
R2L,2896.125,0.0
R2L,2896.375,0.0
R2L,2896.625,0.0
R2L,2896.875,0.0
R2L,2897.125,0.0
R2L,2897.375,0.0
R2L,2897.625,0.0
R2L,2897.875,0.0
R2L,2898.125,0.0
R2L,2898.375,0.0
R2L,2898.625,0.0
R2L,2898.875,0.0
R2L,2899.125,0.0
R2L,2899.375,0.0
R2L,2899.625,0.0
R2L,2899.875,0.0
R2L,2900.125,0.0
R2L,2900.375,0.0
R2L,2900.625,0.0
R2L,2900.875,0.0
R2L,2901.125,0.0
R2L,2901.375,0.0
R2L,2901.625,0.0
R2L,2901.875,0.0
R2L,2902.125,0.0
R2L,2902.375,0.0
R2L,2902.625,0.0
R2L,2902.875,0.0
R2L,2903.125,0.0
R2L,2903.375,0.0
R2L,2903.625,0.0
R2L,2903.875,0.0
R2L,2904.125,0.0
R2L,2904.375,0.0
R2L,2904.625,0.0
R2L,2904.875,0.0
R2L,2905.125,0.0
R2L,2905.375,0.0
R2L,2905.625,0.0
R2L,2905.875,0.0
R2L,2906.125,0.0
R2L,2906.375,0.0
R2L,2906.625,0.0
R2L,2906.875,0.0
R2L,2907.125,0.0
R2L,2907.375,0.0
R2L,2907.625,0.0
R2L,2907.875,0.0
R2L,2908.125,0.0
R2L,2908.375,0.0
R2L,2908.625,0.0
R2L,2908.875,0.0
R2L,2909.125,0.0
R2L,2909.375,0.0
R2L,2909.625,0.0
R2L,2909.875,0.0
R2L,2910.125,0.0
R2L,2910.375,0.0
R2L,2910.625,0.0
R2L,2910.875,0.0
R2L,2911.125,0.0
R2L,2911.375,0.0
R2L,2911.625,0.0
R2L,2911.875,0.0
R2L,2912.125,0.0
R2L,2912.375,0.0
R2L,2912.625,0.0
R2L,2912.875,0.0
R2L,2913.125,0.0
R2L,2913.375,0.0
R2L,2913.625,0.0
R2L,2913.875,0.0
R2L,2914.125,0.0
R2L,2914.375,0.0
R2L,2914.625,0.0
R2L,2914.875,0.0
R2L,2915.125,0.0
R2L,2915.375,0.0
R2L,2915.625,0.0
R2L,2915.875,0.0
R2L,2916.125,0.0
R2L,2916.375,0.0
R2L,2916.625,0.0
R2L,2916.875,0.0
R2L,2917.125,0.0
R2L,2917.375,0.0
R2L,2917.625,0.0
R2L,2917.875,0.0
R2L,2918.125,0.0
R2L,2918.375,0.0
R2L,2918.625,0.0
R2L,2918.875,0.0
R2L,2919.125,0.0
R2L,2919.375,0.0
R2L,2919.625,0.0
R2L,2919.875,0.0
R2L,2920.125,0.0
R2L,2920.375,0.0
R2L,2920.625,0.0
R2L,2920.875,0.0
R2L,2921.125,0.0
R2L,2921.375,0.0
R2L,2921.625,0.0
R2L,2921.875,0.0
R2L,2922.125,0.0
R2L,2922.375,0.0
R2L,2922.625,0.0
R2L,2922.875,0.0
R2L,2923.125,0.0
R2L,2923.375,0.0
R2L,2923.625,0.0
R2L,2923.875,0.0
R2L,2924.125,0.0
R2L,2924.375,0.060546875
R2L,2924.625,0.0
R2L,2924.875,0.0
R2L,2925.125,0.0
R2L,2925.375,0.060546875
R2L,2925.625,0.0
R2L,2925.875,0.0
R2L,2926.125,0.0
R2L,2926.375,0.060546875
R2L,2926.625,0.0
R2L,2926.875,0.0
R2L,2927.125,0.0
R2L,2927.375,0.0
R2L,2927.625,0.0
R2L,2927.875,0.0
R2L,2928.125,0.0
R2L,2928.375,0.0
R2L,2928.625,0.0
R2L,2928.875,0.0
R2L,2929.125,0.0
R2L,2929.375,0.0
R2L,2929.625,0.0
R2L,2929.875,0.0
R2L,2930.125,0.0
R2L,2930.375,0.0
R2L,2930.625,0.0
R2L,2930.875,0.0
R2L,2931.125,0.0
R2L,2931.375,0.0
R2L,2931.625,0.0
R2L,2931.875,0.0
R2L,2932.125,0.0
R2L,2932.375,0.0
R2L,2932.625,0.0
R2L,2932.875,0.0
R2L,2933.125,0.0
R2L,2933.375,0.0
R2L,2933.625,0.0
R2L,2933.875,0.0
R2L,2934.125,0.0
R2L,2934.375,0.0
R2L,2934.625,0.0
R2L,2934.875,0.0
R2L,2935.125,0.0
R2L,2935.375,0.0
R2L,2935.625,0.0
R2L,2935.875,0.0
R2L,2936.125,0.0
R2L,2936.375,0.0
R2L,2936.625,0.0
R2L,2936.875,0.0
R2L,2937.125,0.0
R2L,2937.375,0.0
R2L,2937.625,0.0
R2L,2937.875,0.0
R2L,2938.125,0.0
R2L,2938.375,0.0
R2L,2938.625,0.0
R2L,2938.875,0.0
R2L,2939.125,0.0
R2L,2939.375,0.0
R2L,2939.625,0.0
R2L,2939.875,0.0
R2L,2940.125,0.0
R2L,2940.375,0.0
R2L,2940.625,0.0
R2L,2940.875,0.0
R2L,2941.125,0.0
R2L,2941.375,0.0
R2L,2941.625,0.0
R2L,2941.875,0.0
R2L,2942.125,0.0
R2L,2942.375,0.0
R2L,2942.625,0.0
R2L,2942.875,0.0
R2L,2943.125,0.0
R2L,2943.375,0.0
R2L,2943.625,0.0
R2L,2943.875,0.0
R2L,2944.125,0.0
R2L,2944.375,0.0
R2L,2944.625,0.0
R2L,2944.875,0.0
R2L,2945.125,0.0
R2L,2945.375,0.0
R2L,2945.625,0.0
R2L,2945.875,0.0
R2L,2946.125,0.0
R2L,2946.375,0.0
R2L,2946.625,0.0
R2L,2946.875,0.0
R2L,2947.125,0.0
R2L,2947.375,0.0
R2L,2947.625,0.0
R2L,2947.875,0.0
R2L,2948.125,0.0
R2L,2948.375,0.0
R2L,2948.625,0.0
R2L,2948.875,0.0
R2L,2949.125,0.0
R2L,2949.375,0.0
R2L,2949.625,0.0
R2L,2949.875,0.0
R2L,2950.125,0.0
R2L,2950.375,0.0
R2L,2950.625,0.0
R2L,2950.875,0.0
R2L,2951.125,0.0
R2L,2951.375,0.0
R2L,2951.625,0.0
R2L,2951.875,0.0
R2L,2952.125,0.060546875
R2L,2952.375,0.0
R2L,2952.625,0.0
R2L,2952.875,0.0
R2L,2953.125,0.060546875
R2L,2953.375,0.0
R2L,2953.625,0.0
R2L,2953.875,0.0
R2L,2954.125,0.060546875
R2L,2954.375,0.0
R2L,2954.625,0.0
R2L,2954.875,0.0
R2L,2955.125,0.0
R2L,2955.375,0.0
R2L,2955.625,0.0
R2L,2955.875,0.0
R2L,2956.125,0.060546875
R2L,2956.375,0.0
R2L,2956.625,0.0
R2L,2956.875,0.0
R2L,2957.125,0.060546875
R2L,2957.375,0.0
R2L,2957.625,0.0
R2L,2957.875,0.0
R2L,2958.125,0.0
R2L,2958.375,0.0
R2L,2958.625,0.0
R2L,2958.875,0.0
R2L,2959.125,0.0
R2L,2959.375,0.0
R2L,2959.625,0.0
R2L,2959.875,0.0
